playerId,playerName,dateOfBirth,birthPlaceAreaId,birthPlaceAreaName,passportAreaId,passportAreaName,foot,height,weight,playerImageUrl,seasonId,seasonName,startDate,endDate,contractSigned,contractExpiration,snapshot_date,fairPrice
328209,Erling Haaland,2000-07-21,19,England,100,Norway,left,195.0,94.0,https://cdn5.wyscout.com/photos/players/public/g441484_100x130.png,1773,2023/2024,2023-08-11,2024-05-19,2022-07-01,2027-06-30,2024-05-13,207013636.92243779
328209,Erling Haaland,2000-07-21,19,England,100,Norway,left,195.0,94.0,https://cdn5.wyscout.com/photos/players/public/g441484_100x130.png,862,2024/2025,2024-08-16,2025-05-25,2025-01-17,2034-06-30,2025-05-19,197384770.67667854
406808,Cole Palmer,2002-05-06,19,England,19,England,left,189.0,74.0,https://cdn5.wyscout.com/photos/players/public/g-66123_100x130.png,862,2024/2025,2024-08-16,2025-05-25,2024-08-13,2033-06-30,2025-05-19,159019478.80373794
385494,Bukayo Saka,2001-09-05,19,England,104,Nigeria,left,178.0,65.0,https://cdn5.wyscout.com/photos/players/public/g496730_100x130.png,1773,2023/2024,2023-08-11,2024-05-19,2023-05-23,2027-06-30,2024-05-13,158226145.86833528
342411,Phil Foden,2000-05-28,19,England,19,England,left,171.0,69.0,https://cdn5.wyscout.com/photos/players/public/g453102_100x130.png,1773,2023/2024,2023-08-11,2024-05-19,2022-10-14,2027-06-30,2024-05-13,147696630.77181324
385494,Bukayo Saka,2001-09-05,19,England,104,Nigeria,left,178.0,65.0,https://cdn5.wyscout.com/photos/players/public/g496730_100x130.png,862,2024/2025,2024-08-16,2025-05-25,2023-05-23,2027-06-30,2025-05-19,130024905.88139743
299748,Declan Rice,1999-01-14,19,England,161,Ireland,right,185.0,80.0,https://cdn5.wyscout.com/photos/players/public/g408158_100x130.png,1773,2023/2024,2023-08-11,2024-05-19,2023-07-15,2028-06-30,2024-05-13,129576034.46169011
342411,Phil Foden,2000-05-28,19,England,19,England,left,171.0,69.0,https://cdn5.wyscout.com/photos/players/public/g453102_100x130.png,862,2024/2025,2024-08-16,2025-05-25,2022-10-14,2027-06-30,2025-05-19,113740797.97519329
309541,Alexander Isak,1999-09-21,57,Sweden,199,Eritrea,right,192.0,77.0,https://cdn5.wyscout.com/photos/players/public/g422165_100x130.png,862,2024/2025,2024-08-16,2025-05-25,2022-08-26,2028-06-30,2025-05-19,113735365.95210877
544583,Ethan Nwaneri,2007-03-21,19,England,104,Nigeria,left,165.0,60.0,https://cdn5.wyscout.com/photos/players/public/g-258644_100x130.png,862,2024/2025,2024-08-16,2025-05-25,2025-03-21,2030-06-30,2025-05-19,113058283.81089477
299748,Declan Rice,1999-01-14,19,England,161,Ireland,right,185.0,80.0,https://cdn5.wyscout.com/photos/players/public/g408158_100x130.png,862,2024/2025,2024-08-16,2025-05-25,2023-07-15,2028-06-30,2025-05-19,110001137.75668061
452877,Moisés Caicedo,2001-11-02,201,Ecuador,201,Ecuador,right,178.0,71.0,https://cdn5.wyscout.com/photos/players/public/g-129006_100x130.png,1773,2023/2024,2023-08-11,2024-05-19,2023-08-14,2031-06-30,2024-05-13,107174585.38328533
406808,Cole Palmer,2002-05-06,19,England,19,England,left,189.0,74.0,https://cdn5.wyscout.com/photos/players/public/g-66123_100x130.png,1773,2023/2024,2023-08-11,2024-05-19,2023-09-01,2030-06-30,2024-05-13,106816408.6101
258117,Martin Ødegaard,1998-12-17,100,Norway,100,Norway,left,178.0,68.0,https://cdn5.wyscout.com/photos/players/public/g334861_100x130.png,1773,2023/2024,2023-08-11,2024-05-19,2023-09-22,2028-06-30,2024-05-13,106590644.34780605
426448,William Saliba,2001-03-24,191,France,221,Cameroon,right,192.0,85.0,https://cdn5.wyscout.com/photos/players/public/g-92877_100x130.png,1773,2023/2024,2023-08-11,2024-05-19,2023-07-07,2027-06-30,2024-05-13,105373496.8901839
406156,Julián Alvarez,2000-01-31,257,Argentina,257,Argentina,right,170.0,71.0,https://cdn5.wyscout.com/photos/players/public/g-65351_100x130.png,1773,2023/2024,2023-08-11,2024-05-19,2023-03-16,2028-06-30,2024-05-13,104773242.1099043
418932,Josko Gvardiol,2002-01-23,168,Croatia,168,Croatia,left,185.0,80.0,https://cdn5.wyscout.com/photos/players/public/g-82982_100x130.png,1773,2023/2024,2023-08-11,2024-05-19,2023-08-05,2028-06-30,2024-05-13,102620985.03205067
452877,Moisés Caicedo,2001-11-02,201,Ecuador,201,Ecuador,right,178.0,71.0,https://cdn5.wyscout.com/photos/players/public/g-129006_100x130.png,862,2024/2025,2024-08-16,2025-05-25,2023-08-14,2031-06-30,2025-05-19,102172471.98354541
418932,Josko Gvardiol,2002-01-23,168,Croatia,168,Croatia,left,185.0,80.0,https://cdn5.wyscout.com/photos/players/public/g-82982_100x130.png,862,2024/2025,2024-08-16,2025-05-25,2023-08-05,2028-06-30,2025-05-19,101562266.53285967
289354,Rodrigo Rodri,1996-06-22,197,Spain,197,Spain,right,191.0,82.0,https://cdn5.wyscout.com/photos/players/public/g395959_100x130.png,1773,2023/2024,2023-08-11,2024-05-19,2022-07-12,2027-06-30,2024-05-13,98765953.550871134
442691,Enzo Fernández,2001-01-17,257,Argentina,257,Argentina,right,178.0,78.0,https://cdn5.wyscout.com/photos/players/public/g-114707_100x130.png,1773,2023/2024,2023-08-11,2024-05-19,2023-01-31,2032-06-30,2024-05-13,97904346.313012436
358977,Alexis Mac Allister,1998-12-24,257,Argentina,156,Italy,right,174.0,72.0,https://cdn5.wyscout.com/photos/players/public/g468060_100x130.png,862,2024/2025,2024-08-16,2025-05-25,2023-07-01,2028-06-30,2025-05-19,97545199.574355632
442691,Enzo Fernández,2001-01-17,257,Argentina,257,Argentina,right,178.0,78.0,https://cdn5.wyscout.com/photos/players/public/g-114707_100x130.png,862,2024/2025,2024-08-16,2025-05-25,2023-01-31,2032-06-30,2025-05-19,97528432.736119151
402020,Darwin Núñez,1999-06-24,35,Uruguay,35,Uruguay,right,186.0,80.0,https://cdn5.wyscout.com/photos/players/public/g516682_100x130.png,1773,2023/2024,2023-08-11,2024-05-19,2022-07-01,2028-06-30,2024-05-13,97409375.756003082
258117,Martin Ødegaard,1998-12-17,100,Norway,100,Norway,left,178.0,68.0,https://cdn5.wyscout.com/photos/players/public/g334861_100x130.png,862,2024/2025,2024-08-16,2025-05-25,2023-09-22,2028-06-30,2025-05-19,96485572.370956257
354836,Dominik Szoboszlai,2000-10-25,166,Hungary,166,Hungary,right,186.0,74.0,https://cdn5.wyscout.com/photos/players/public/g463719_100x130.png,862,2024/2025,2024-08-16,2025-05-25,2023-07-02,2028-06-30,2025-05-19,95343476.709514663
396376,Ryan Gravenberch,2002-05-16,101,Netherlands,60,Suriname,right,190.0,77.0,https://cdn5.wyscout.com/photos/players/public/g508816_100x130.png,862,2024/2025,2024-08-16,2025-05-25,2023-09-01,2028-06-30,2025-05-19,95057962.957052991
427287,Rasmus Højlund,2003-02-04,204,Denmark,204,Denmark,left,187.0,79.0,https://cdn5.wyscout.com/photos/players/public/g-93960_100x130.png,1773,2023/2024,2023-08-11,2024-05-19,2023-08-05,2028-06-30,2024-05-13,91176564.5175964
294347,Bruno Guimarães,1997-11-16,234,Brazil,197,Spain,right,182.0,74.0,https://cdn5.wyscout.com/photos/players/public/g402388_100x130.png,1773,2023/2024,2023-08-11,2024-05-19,2023-10-07,2028-06-30,2024-05-13,89377831.99898982
327189,Kai Havertz,1999-06-11,207,Germany,207,Germany,left,193.0,84.0,https://cdn5.wyscout.com/photos/players/public/g440864_100x130.png,1773,2023/2024,2023-08-11,2024-05-19,2023-07-01,2028-06-30,2024-05-13,89293187.049176544
492205,Nicolas Jackson,2001-06-20,74,Senegal,74,Senegal,right,187.0,78.0,https://cdn5.wyscout.com/photos/players/public/g-182396_100x130.png,1773,2023/2024,2023-08-11,2024-05-19,2023-07-01,2031-06-30,2024-05-13,85720599.347434714
332307,Luis Díaz,1997-01-13,217,Colombia,217,Colombia,right,180.0,73.0,https://cdn5.wyscout.com/photos/players/public/g442556_100x130.png,1773,2023/2024,2023-08-11,2024-05-19,2021-06-30,2027-06-30,2024-05-13,85420588.551621556
409931,Gabriel Martinelli,2001-06-18,234,Brazil,156,Italy,right,178.0,75.0,https://cdn5.wyscout.com/photos/players/public/g-70526_100x130.png,1773,2023/2024,2023-08-11,2024-05-19,2019-07-02,2027-06-30,2024-05-13,85149221.795385584
309541,Alexander Isak,1999-09-21,57,Sweden,199,Eritrea,right,192.0,77.0,https://cdn5.wyscout.com/photos/players/public/g422165_100x130.png,1773,2023/2024,2023-08-11,2024-05-19,2022-08-26,2028-06-30,2024-05-13,83015283.917553753
371832,Omar Marmoush,1999-02-07,200,Egypt,227,Canada,right,183.0,81.0,https://cdn5.wyscout.com/photos/players/public/g480170_100x130.png,862,2024/2025,2024-08-16,2025-05-25,2025-01-23,2029-06-30,2025-05-19,82946040.091601774
508497,Alejandro Garnacho,2004-07-01,197,Spain,257,Argentina,right,180.0,69.0,https://cdn5.wyscout.com/photos/players/public/g-205310_100x130.png,1773,2023/2024,2023-08-11,2024-05-19,2023-04-28,2028-06-30,2024-05-13,82423471.962588757
354836,Dominik Szoboszlai,2000-10-25,166,Hungary,166,Hungary,right,186.0,74.0,https://cdn5.wyscout.com/photos/players/public/g463719_100x130.png,1773,2023/2024,2023-08-11,2024-05-19,2023-07-02,2028-06-30,2024-05-13,82119594.113608733
332307,Luis Díaz,1997-01-13,217,Colombia,217,Colombia,right,180.0,73.0,https://cdn5.wyscout.com/photos/players/public/g442556_100x130.png,862,2024/2025,2024-08-16,2025-05-25,2021-06-30,2027-06-30,2025-05-19,81139809.403410062
289354,Rodrigo Rodri,1996-06-22,197,Spain,197,Spain,right,191.0,82.0,https://cdn5.wyscout.com/photos/players/public/g395959_100x130.png,862,2024/2025,2024-08-16,2025-05-25,2022-07-12,2027-06-30,2025-05-19,81080544.674424574
358977,Alexis Mac Allister,1998-12-24,257,Argentina,156,Italy,right,174.0,72.0,https://cdn5.wyscout.com/photos/players/public/g468060_100x130.png,1773,2023/2024,2023-08-11,2024-05-19,2023-07-01,2028-06-30,2024-05-13,80400836.509459034
365262,Morgan Rogers,2002-07-26,19,England,19,England,right,185.0,73.0,https://cdn5.wyscout.com/photos/players/public/g473391_100x130.png,862,2024/2025,2024-08-16,2025-05-25,2024-11-19,2030-06-30,2025-05-19,80039392.128408462
320421,Gabriel Magalhães,1997-12-19,234,Brazil,234,Brazil,left,190.0,87.0,https://cdn5.wyscout.com/photos/players/public/g433485_100x130.png,1773,2023/2024,2023-08-11,2024-05-19,2022-10-21,2027-06-30,2024-05-13,79804863.9412206
222445,Rúben Dias,1997-05-14,85,Portugal,85,Portugal,right,187.0,82.0,https://cdn5.wyscout.com/photos/players/public/g290253_100x130.png,1773,2023/2024,2023-08-11,2024-05-19,2021-06-30,2027-06-30,2024-05-13,79211570.124254331
426448,William Saliba,2001-03-24,191,France,221,Cameroon,right,192.0,85.0,https://cdn5.wyscout.com/photos/players/public/g-92877_100x130.png,862,2024/2025,2024-08-16,2025-05-25,2023-07-07,2027-06-30,2025-05-19,79009239.63392745
322623,Cody Gakpo,1999-05-07,101,Netherlands,50,Togo,right,189.0,76.0,https://cdn5.wyscout.com/photos/players/public/g436584_100x130.png,862,2024/2025,2024-08-16,2025-05-25,2023-01-01,2028-06-30,2025-05-19,77135987.47076866
294347,Bruno Guimarães,1997-11-16,234,Brazil,197,Spain,right,182.0,74.0,https://cdn5.wyscout.com/photos/players/public/g402388_100x130.png,862,2024/2025,2024-08-16,2025-05-25,2023-10-07,2028-06-30,2025-05-19,76638184.83196339
500019,Mathys Tel,2005-04-27,191,France,181,Guadeloupe,right,183.0,77.0,https://cdn5.wyscout.com/photos/players/public/g-193833_100x130.png,862,2024/2025,2024-08-16,2025-05-25,2025-02-03,2025-06-30,2025-05-19,76622380.826808929
351767,Dejan Kulusevski,2000-04-25,57,Sweden,363,North Macedonia,left,186.0,75.0,https://cdn5.wyscout.com/photos/players/public/g460405_100x130.png,1773,2023/2024,2023-08-11,2024-05-19,2023-07-01,2028-06-30,2024-05-13,73348549.614810556
561752,Leny Yoro,2005-11-13,191,France,222,Côte d'Ivoire,right,190.0,78.0,https://cdn5.wyscout.com/photos/players/public/g-282142_100x130.png,862,2024/2025,2024-08-16,2025-05-25,2024-07-18,2029-06-30,2025-05-19,73221782.0450496
356536,Anthony Gordon,2001-02-24,19,England,19,England,right,183.0,72.0,https://cdn5.wyscout.com/photos/players/public/g465503_100x130.png,862,2024/2025,2024-08-16,2025-05-25,2024-10-22,2030-06-30,2025-05-19,73133303.869444013
388353,Brennan Johnson,2001-05-23,19,England,8,Wales,right,179.0,73.0,https://cdn5.wyscout.com/photos/players/public/g-60272_100x130.png,1773,2023/2024,2023-08-11,2024-05-19,2023-09-01,2028-06-30,2024-05-13,72833715.036895841
508497,Alejandro Garnacho,2004-07-01,197,Spain,257,Argentina,right,180.0,69.0,https://cdn5.wyscout.com/photos/players/public/g-205310_100x130.png,862,2024/2025,2024-08-16,2025-05-25,2023-04-28,2028-06-30,2025-05-19,72396801.1731836
427287,Rasmus Højlund,2003-02-04,204,Denmark,204,Denmark,left,187.0,79.0,https://cdn5.wyscout.com/photos/players/public/g-93960_100x130.png,862,2024/2025,2024-08-16,2025-05-25,2023-08-05,2028-06-30,2025-05-19,71892181.746079922
322623,Cody Gakpo,1999-05-07,101,Netherlands,50,Togo,right,189.0,76.0,https://cdn5.wyscout.com/photos/players/public/g436584_100x130.png,1773,2023/2024,2023-08-11,2024-05-19,2023-01-01,2028-06-30,2024-05-13,71766485.091217116
462206,Murillo Santiago Murillo,2002-07-04,234,Brazil,234,Brazil,left,184.0,77.0,https://cdn5.wyscout.com/photos/players/public/g-141512_100x130.png,862,2024/2025,2024-08-16,2025-05-25,2025-01-21,2029-06-30,2025-05-19,71433943.032330692
405619,Jérémy Doku,2002-05-27,247,Belgium,184,Ghana,right,173.0,77.0,https://cdn5.wyscout.com/photos/players/public/g-65210_100x130.png,1773,2023/2024,2023-08-11,2024-05-19,2023-08-24,2028-06-30,2024-05-13,70846300.635295227
320355,Cristian Romero,1998-04-27,257,Argentina,257,Argentina,right,185.0,79.0,https://cdn5.wyscout.com/photos/players/public/g433963_100x130.png,1773,2023/2024,2023-08-11,2024-05-19,2022-08-30,2027-06-30,2024-05-13,69952370.793797046
487918,Sávio Sávio,2004-04-10,234,Brazil,234,Brazil,left,176.0,71.0,https://cdn5.wyscout.com/photos/players/public/g-176084_100x130.png,862,2024/2025,2024-08-16,2025-05-25,2024-07-18,2029-06-30,2025-05-19,69845239.626348212
228560,Bernardo Silva,1994-08-10,85,Portugal,85,Portugal,left,173.0,64.0,https://cdn5.wyscout.com/photos/players/public/g298753_100x130.png,1773,2023/2024,2023-08-11,2024-05-19,2023-08-23,2026-06-30,2024-05-13,69281743.4284745
211009,Bruno Fernandes,1994-09-08,85,Portugal,85,Portugal,right,179.0,69.0,https://cdn5.wyscout.com/photos/players/public/g276371_100x130.png,1773,2023/2024,2023-08-11,2024-05-19,2020-01-29,2026-06-30,2024-05-13,69136925.048295856
341716,Ben White,1997-10-08,19,England,19,England,right,185.0,77.0,https://cdn5.wyscout.com/photos/players/public/g452343_100x130.png,1773,2023/2024,2023-08-11,2024-05-19,2024-03-14,2028-06-30,2024-05-13,68885938.893907264
508498,Kobbie Mainoo,2005-04-19,19,England,184,Ghana,right,175.0,65.0,https://cdn5.wyscout.com/photos/players/public/g-205311_100x130.png,1773,2023/2024,2023-08-11,2024-05-19,2023-02-09,2027-06-30,2024-05-13,68533214.697045788
492205,Nicolas Jackson,2001-06-20,74,Senegal,74,Senegal,right,187.0,78.0,https://cdn5.wyscout.com/photos/players/public/g-182396_100x130.png,862,2024/2025,2024-08-16,2025-05-25,2024-09-13,2033-06-30,2025-05-19,68067601.117104337
537983,Nico O'Reilly,2005-03-21,19,England,19,England,left,177.0,67.0,https://cdn5.wyscout.com/photos/players/public/g-248503_100x130.png,862,2024/2025,2024-08-16,2025-05-25,2023-10-17,2028-06-30,2025-05-19,67916312.201647624
322614,Moussa Diaby,1999-07-07,191,France,122,Mali,left,170.0,67.0,https://cdn5.wyscout.com/photos/players/public/g436589_100x130.png,1773,2023/2024,2023-08-11,2024-05-19,2023-07-22,2028-06-30,2024-05-13,67612020.123891011
257123,Ollie Watkins,1995-12-30,19,England,19,England,right,180.0,78.0,https://cdn5.wyscout.com/photos/players/public/g334174_100x130.png,1773,2023/2024,2023-08-11,2024-05-19,2023-10-06,2028-06-30,2024-05-13,67002661.432923414
351767,Dejan Kulusevski,2000-04-25,57,Sweden,363,North Macedonia,left,186.0,75.0,https://cdn5.wyscout.com/photos/players/public/g460405_100x130.png,862,2024/2025,2024-08-16,2025-05-25,2023-07-01,2028-06-30,2025-05-19,66988485.730645314
327189,Kai Havertz,1999-06-11,207,Germany,207,Germany,left,193.0,84.0,https://cdn5.wyscout.com/photos/players/public/g440864_100x130.png,862,2024/2025,2024-08-16,2025-05-25,2023-07-01,2028-06-30,2025-05-19,66006565.832172811
271857,Gabriel Jesus,1997-04-03,234,Brazil,234,Brazil,right,175.0,73.0,https://cdn5.wyscout.com/photos/players/public/g364017_100x130.png,1773,2023/2024,2023-08-11,2024-05-19,2022-07-04,2027-06-30,2024-05-13,65995613.326350421
388353,Brennan Johnson,2001-05-23,19,England,8,Wales,right,179.0,73.0,https://cdn5.wyscout.com/photos/players/public/g-60272_100x130.png,862,2024/2025,2024-08-16,2025-05-25,2023-09-01,2028-06-30,2025-05-19,65419716.802408196
454606,Evan Ferguson,2004-10-19,161,Ireland,161,Ireland,right,183.0,76.0,https://cdn5.wyscout.com/photos/players/public/g-131096_100x130.png,1773,2023/2024,2023-08-11,2024-05-19,2023-11-10,2029-06-30,2024-05-13,64990539.485405669
468210,Harvey Elliott,2003-04-04,19,England,19,England,left,170.0,67.0,https://cdn5.wyscout.com/photos/players/public/g-149532_100x130.png,1773,2023/2024,2023-08-11,2024-05-19,2022-08-11,2027-06-30,2024-05-13,64680535.524196029
461401,Micky van de Ven,2001-04-19,101,Netherlands,101,Netherlands,left,193.0,89.0,https://cdn5.wyscout.com/photos/players/public/g-140288_100x130.png,1773,2023/2024,2023-08-11,2024-05-19,2023-08-08,2029-06-30,2024-05-13,64611459.492310055
339102,Douglas Luiz,1998-05-09,234,Brazil,234,Brazil,right,175.0,66.0,https://cdn5.wyscout.com/photos/players/public/g449544_100x130.png,1773,2023/2024,2023-08-11,2024-05-19,2022-10-14,2026-06-30,2024-05-13,64195057.539264873
342560,Conor Gallagher,2000-02-06,19,England,19,England,right,182.0,77.0,https://cdn5.wyscout.com/photos/players/public/g453254_100x130.png,1773,2023/2024,2023-08-11,2024-05-19,2022-07-01,2025-06-30,2024-05-13,63701176.340727024
324212,Lucas Paquetá,1997-08-27,234,Brazil,85,Portugal,left,180.0,72.0,https://cdn5.wyscout.com/photos/players/public/g438313_100x130.png,1773,2023/2024,2023-08-11,2024-05-19,2022-08-29,2027-06-30,2024-05-13,62398892.578796625
400512,Mohammed Kudus,2000-08-02,184,Ghana,184,Ghana,left,177.0,70.0,https://cdn5.wyscout.com/photos/players/public/g513954_100x130.png,1773,2023/2024,2023-08-11,2024-05-19,2023-08-27,2028-06-30,2024-05-13,61863784.213000558
409931,Gabriel Martinelli,2001-06-18,234,Brazil,156,Italy,right,178.0,75.0,https://cdn5.wyscout.com/photos/players/public/g-70526_100x130.png,862,2024/2025,2024-08-16,2025-05-25,2019-07-02,2027-06-30,2025-05-19,61752995.347820692
222445,Rúben Dias,1997-05-14,85,Portugal,85,Portugal,right,187.0,82.0,https://cdn5.wyscout.com/photos/players/public/g290253_100x130.png,862,2024/2025,2024-08-16,2025-05-25,2021-06-30,2027-06-30,2025-05-19,61474725.601566456
410812,Michael Olise,2001-12-12,19,England,191,France,left,184.0,73.0,https://cdn5.wyscout.com/photos/players/public/g-71601_100x130.png,1773,2023/2024,2023-08-11,2024-05-19,2023-08-17,2027-06-30,2024-05-13,60826047.235400029
356536,Anthony Gordon,2001-02-24,19,England,19,England,right,183.0,72.0,https://cdn5.wyscout.com/photos/players/public/g465503_100x130.png,1773,2023/2024,2023-08-11,2024-05-19,2023-01-29,2026-06-30,2024-05-13,60789604.460052662
380399,Matheus Cunha,1999-05-27,234,Brazil,234,Brazil,right,183.0,76.0,https://cdn5.wyscout.com/photos/players/public/g491026_100x130.png,862,2024/2025,2024-08-16,2025-05-25,2025-02-01,2029-06-30,2025-05-19,60774877.573228955
277384,Christopher Nkunku,1997-11-14,191,France,220,Congo DR,right,177.0,73.0,https://cdn5.wyscout.com/photos/players/public/g376909_100x130.png,1773,2023/2024,2023-08-11,2024-05-19,2023-07-01,2029-06-30,2024-05-13,60683530.4589412
405619,Jérémy Doku,2002-05-27,247,Belgium,184,Ghana,right,173.0,77.0,https://cdn5.wyscout.com/photos/players/public/g-65210_100x130.png,862,2024/2025,2024-08-16,2025-05-25,2023-08-24,2028-06-30,2025-05-19,60433186.014952451
341934,Manuel Ugarte,2001-04-11,35,Uruguay,35,Uruguay,right,182.0,77.0,https://cdn5.wyscout.com/photos/players/public/g452575_100x130.png,862,2024/2025,2024-08-16,2025-05-25,2024-08-30,2029-06-30,2025-05-19,60422422.68783658
243983,James Maddison,1996-11-23,19,England,19,England,right,175.0,73.0,https://cdn5.wyscout.com/photos/players/public/g317810_100x130.png,1773,2023/2024,2023-08-11,2024-05-19,2023-07-01,2028-06-30,2024-05-13,60032406.049085237
399923,Amadou Onana,2001-08-16,74,Senegal,247,Belgium,right,195.0,88.0,https://cdn5.wyscout.com/photos/players/public/g-62856_100x130.png,862,2024/2025,2024-08-16,2025-05-25,2024-07-22,2029-06-30,2025-05-19,59685344.118732229
400512,Mohammed Kudus,2000-08-02,184,Ghana,184,Ghana,left,177.0,70.0,https://cdn5.wyscout.com/photos/players/public/g513954_100x130.png,862,2024/2025,2024-08-16,2025-05-25,2023-08-27,2028-06-30,2025-05-19,59626453.6571007
454606,Evan Ferguson,2004-10-19,161,Ireland,161,Ireland,right,183.0,76.0,https://cdn5.wyscout.com/photos/players/public/g-131096_100x130.png,862,2024/2025,2024-08-16,2025-05-25,2023-11-10,2029-06-30,2025-01-27,59251280.842915073
369370,Pedro Neto,2000-03-09,85,Portugal,85,Portugal,left,172.0,62.0,https://cdn5.wyscout.com/photos/players/public/g477582_100x130.png,862,2024/2025,2024-08-16,2025-05-25,2024-08-11,2031-06-30,2025-05-19,59233639.836365573
320421,Gabriel Magalhães,1997-12-19,234,Brazil,234,Brazil,left,190.0,87.0,https://cdn5.wyscout.com/photos/players/public/g433485_100x130.png,862,2024/2025,2024-08-16,2025-05-25,2022-10-21,2027-06-30,2025-05-19,59161994.699210949
396576,Noni Madueke,2002-03-10,19,England,104,Nigeria,left,182.0,70.0,https://cdn5.wyscout.com/photos/players/public/g509344_100x130.png,862,2024/2025,2024-08-16,2025-05-25,2023-01-20,2030-06-30,2025-05-19,59074630.200902008
365347,Jurrien Timber,2001-06-17,101,Netherlands,212,Curaçao,right,182.0,77.0,https://cdn5.wyscout.com/photos/players/public/g473481_100x130.png,862,2024/2025,2024-08-16,2025-05-25,2023-07-14,2028-06-30,2025-05-19,58887071.161140725
384037,Sandro Tonali,2000-05-08,156,Italy,156,Italy,right,181.0,79.0,https://cdn5.wyscout.com/photos/players/public/g495152_100x130.png,862,2024/2025,2024-08-16,2025-05-25,2023-07-03,2029-06-30,2025-05-19,58717272.709058076
307036,Ibrahima Konaté,1999-05-25,191,France,122,Mali,right,194.0,95.0,https://cdn5.wyscout.com/photos/players/public/g416730_100x130.png,862,2024/2025,2024-08-16,2025-05-25,2021-06-30,2026-06-30,2025-05-19,58680883.804386929
442408,João Pedro,2001-09-26,234,Brazil,234,Brazil,right,180.0,70.0,https://cdn5.wyscout.com/photos/players/public/g-114340_100x130.png,1773,2023/2024,2023-08-11,2024-05-19,2023-07-01,2028-06-30,2024-05-13,58575936.236199021
308529,Marcus Rashford,1997-10-31,19,England,146,Saint Kitts and Nevis,right,186.0,70.0,https://cdn5.wyscout.com/photos/players/public/g420221_100x130.png,862,2024/2025,2024-08-16,2025-05-25,2022-12-24,2024-06-30,2025-01-27,57636480.0664528
343735,Morgan Gibbs-White,2000-01-27,19,England,155,Jamaica,right,171.0,70.0,https://cdn5.wyscout.com/photos/players/public/g454457_100x130.png,1773,2023/2024,2023-08-11,2024-05-19,2022-08-19,2027-06-30,2024-05-13,57633277.129185751
255993,Jarrod Bowen,1996-12-20,19,England,8,Wales,left,175.0,70.0,https://cdn5.wyscout.com/photos/players/public/g331388_100x130.png,1773,2023/2024,2023-08-11,2024-05-19,2023-10-08,2030-06-30,2024-05-13,57402247.138179094
442408,João Pedro,2001-09-26,234,Brazil,234,Brazil,right,180.0,70.0,https://cdn5.wyscout.com/photos/players/public/g-114340_100x130.png,862,2024/2025,2024-08-16,2025-05-25,2023-07-01,2028-06-30,2025-05-19,56115409.661429793
567586,Dean Huijsen,2005-04-14,101,Netherlands,197,Spain,both,195.0,82.0,https://cdn5.wyscout.com/photos/players/public/g-290632_100x130.png,862,2024/2025,2024-08-16,2025-05-25,2024-07-30,2030-06-30,2025-05-19,55942177.18357072
255993,Jarrod Bowen,1996-12-20,19,England,8,Wales,left,175.0,70.0,https://cdn5.wyscout.com/photos/players/public/g331388_100x130.png,862,2024/2025,2024-08-16,2025-05-25,2023-10-08,2030-06-30,2025-05-19,55700502.526176043
362296,Eberechi Eze,1998-06-29,19,England,104,Nigeria,right,173.0,67.0,https://cdn5.wyscout.com/photos/players/public/g471115_100x130.png,862,2024/2025,2024-08-16,2025-05-25,2023-11-10,2027-06-30,2025-05-19,55031324.90094953
485874,Rico Lewis,2004-11-21,19,England,19,England,right,169.0,64.0,https://cdn5.wyscout.com/photos/players/public/g-173157_100x130.png,862,2024/2025,2024-08-16,2025-05-25,2023-08-15,2028-06-30,2025-05-19,54948023.60642378
445958,Destiny Udogie,2002-11-28,156,Italy,104,Nigeria,left,186.0,67.0,https://cdn5.wyscout.com/photos/players/public/g-119278_100x130.png,1773,2023/2024,2023-08-11,2024-05-19,2023-12-12,2030-06-30,2024-05-13,54314370.693600424
276482,Trent Alexander-Arnold,1998-10-07,19,England,19,England,right,180.0,69.0,https://cdn5.wyscout.com/photos/players/public/g376875_100x130.png,1773,2023/2024,2023-08-11,2024-05-19,2021-06-30,2025-06-30,2024-05-13,54288624.422058821
406778,Pedro Porro,1999-09-13,197,Spain,197,Spain,right,173.0,69.0,https://cdn5.wyscout.com/photos/players/public/g-66068_100x130.png,1773,2023/2024,2023-08-11,2024-05-19,2023-07-01,2028-06-30,2024-05-13,54137561.890794992
442878,Jhon Durán,2003-12-13,217,Colombia,217,Colombia,left,185.0,73.0,https://cdn5.wyscout.com/photos/players/public/g-114955_100x130.png,862,2024/2025,2024-08-16,2025-05-25,2024-10-07,2030-06-30,2025-01-27,53466251.10759782
308529,Marcus Rashford,1997-10-31,19,England,146,Saint Kitts and Nevis,right,186.0,70.0,https://cdn5.wyscout.com/photos/players/public/g420221_100x130.png,862,2024/2025,2024-08-16,2025-05-25,2025-02-02,2025-06-30,2025-05-19,53426326.686993517
406778,Pedro Porro,1999-09-13,197,Spain,197,Spain,right,173.0,69.0,https://cdn5.wyscout.com/photos/players/public/g-66068_100x130.png,862,2024/2025,2024-08-16,2025-05-25,2023-07-01,2028-06-30,2025-05-19,53286814.551238529
461401,Micky van de Ven,2001-04-19,101,Netherlands,101,Netherlands,left,193.0,89.0,https://cdn5.wyscout.com/photos/players/public/g-140288_100x130.png,862,2024/2025,2024-08-16,2025-05-25,2023-08-08,2029-06-30,2025-05-19,53164774.142851062
402020,Darwin Núñez,1999-06-24,35,Uruguay,35,Uruguay,right,186.0,80.0,https://cdn5.wyscout.com/photos/players/public/g516682_100x130.png,862,2024/2025,2024-08-16,2025-05-25,2022-07-01,2028-06-30,2025-05-19,53112986.229306519
343735,Morgan Gibbs-White,2000-01-27,19,England,155,Jamaica,right,171.0,70.0,https://cdn5.wyscout.com/photos/players/public/g454457_100x130.png,862,2024/2025,2024-08-16,2025-05-25,2022-08-19,2027-06-30,2025-05-19,52727892.804205686
485874,Rico Lewis,2004-11-21,19,England,19,England,right,169.0,64.0,https://cdn5.wyscout.com/photos/players/public/g-173157_100x130.png,1773,2023/2024,2023-08-11,2024-05-19,2023-08-15,2028-06-30,2024-05-13,52359360.34098573
302642,Axel Disasi,1998-03-11,191,France,220,Congo DR,right,190.0,86.0,https://cdn5.wyscout.com/photos/players/public/g413277_100x130.png,1773,2023/2024,2023-08-11,2024-05-19,2023-08-04,2029-06-30,2024-05-13,52189758.297008872
399923,Amadou Onana,2001-08-16,74,Senegal,247,Belgium,right,195.0,88.0,https://cdn5.wyscout.com/photos/players/public/g-62856_100x130.png,1773,2023/2024,2023-08-11,2024-05-19,2022-08-09,2027-06-30,2024-05-13,51835189.692727886
257123,Ollie Watkins,1995-12-30,19,England,19,England,right,180.0,78.0,https://cdn5.wyscout.com/photos/players/public/g334174_100x130.png,862,2024/2025,2024-08-16,2025-05-25,2023-10-06,2028-06-30,2025-05-19,51748301.648778066
435523,Ilya Zabarnyi,2002-09-01,37,Ukraine,37,Ukraine,right,189.0,81.0,https://cdn5.wyscout.com/photos/players/public/g-105241_100x130.png,862,2024/2025,2024-08-16,2025-05-25,2024-07-21,2029-06-30,2025-05-19,51723984.531450264
396576,Noni Madueke,2002-03-10,19,England,104,Nigeria,left,182.0,70.0,https://cdn5.wyscout.com/photos/players/public/g509344_100x130.png,1773,2023/2024,2023-08-11,2024-05-19,2023-01-20,2030-06-30,2024-05-13,51595276.82299716
211009,Bruno Fernandes,1994-09-08,85,Portugal,85,Portugal,right,179.0,69.0,https://cdn5.wyscout.com/photos/players/public/g276371_100x130.png,862,2024/2025,2024-08-16,2025-05-25,2024-08-14,2027-06-30,2025-05-19,51391632.3613663
508498,Kobbie Mainoo,2005-04-19,19,England,184,Ghana,right,175.0,65.0,https://cdn5.wyscout.com/photos/players/public/g-205311_100x130.png,862,2024/2025,2024-08-16,2025-05-25,2023-02-09,2027-06-30,2025-05-19,51300806.352999441
445648,Jarrad Branthwaite,2002-06-27,19,England,19,England,left,195.0,74.0,https://cdn5.wyscout.com/photos/players/public/g-118836_100x130.png,1773,2023/2024,2023-08-11,2024-05-19,2023-10-06,2027-06-30,2024-05-13,51262811.636958279
293232,Diogo Dalot,1999-03-18,85,Portugal,85,Portugal,right,184.0,76.0,https://cdn5.wyscout.com/photos/players/public/g400243_100x130.png,1773,2023/2024,2023-08-11,2024-05-19,2018-07-01,2028-06-30,2024-05-13,51122051.938937031
468210,Harvey Elliott,2003-04-04,19,England,19,England,left,170.0,67.0,https://cdn5.wyscout.com/photos/players/public/g-149532_100x130.png,862,2024/2025,2024-08-16,2025-05-25,2022-08-11,2027-06-30,2025-05-19,50867393.8888338
527168,Carlos Baleba,2004-01-03,221,Cameroon,221,Cameroon,left,179.0,77.0,https://cdn5.wyscout.com/photos/players/public/g-232542_100x130.png,862,2024/2025,2024-08-16,2025-05-25,2023-08-29,2028-06-30,2025-05-19,50833699.060416669
448954,Roméo Lavia,2004-01-06,247,Belgium,247,Belgium,right,181.0,75.0,https://cdn5.wyscout.com/photos/players/public/g-123621_100x130.png,862,2024/2025,2024-08-16,2025-05-25,2023-08-18,2030-06-30,2025-05-19,50795580.303526863
445958,Destiny Udogie,2002-11-28,156,Italy,104,Nigeria,left,186.0,67.0,https://cdn5.wyscout.com/photos/players/public/g-119278_100x130.png,862,2024/2025,2024-08-16,2025-05-25,2023-12-12,2030-06-30,2025-05-19,50619631.509557664
320355,Cristian Romero,1998-04-27,257,Argentina,257,Argentina,right,185.0,79.0,https://cdn5.wyscout.com/photos/players/public/g433963_100x130.png,862,2024/2025,2024-08-16,2025-05-25,2022-08-30,2027-06-30,2025-05-19,50592780.484747045
143867,Mohamed Salah,1992-06-15,200,Egypt,200,Egypt,left,175.0,71.0,https://cdn5.wyscout.com/photos/players/public/64541_100x130.png,862,2024/2025,2024-08-16,2025-05-25,2025-04-11,2027-06-30,2025-05-19,50185742.827680096
448954,Roméo Lavia,2004-01-06,247,Belgium,247,Belgium,right,181.0,75.0,https://cdn5.wyscout.com/photos/players/public/g-123621_100x130.png,1773,2023/2024,2023-08-11,2024-05-19,2023-08-18,2030-06-30,2024-05-13,50038368.168106534
246102,Dominic Solanke,1997-09-14,19,England,104,Nigeria,right,187.0,80.0,https://cdn5.wyscout.com/photos/players/public/g320283_100x130.png,862,2024/2025,2024-08-16,2025-05-25,2024-08-10,2030-06-30,2025-05-19,49783918.277321115
380399,Matheus Cunha,1999-05-27,234,Brazil,234,Brazil,right,183.0,76.0,https://cdn5.wyscout.com/photos/players/public/g491026_100x130.png,1773,2023/2024,2023-08-11,2024-05-19,2023-07-01,2027-06-30,2024-05-13,49719752.398442917
308427,Marc Guéhi,2000-07-13,222,Côte d'Ivoire,19,England,right,182.0,82.0,https://cdn5.wyscout.com/photos/players/public/g420559_100x130.png,862,2024/2025,2024-08-16,2025-05-25,2021-06-30,2026-06-30,2025-05-19,49718501.596094169
310262,Pau Torres,1997-01-16,197,Spain,197,Spain,left,191.0,80.0,https://cdn5.wyscout.com/photos/players/public/g423623_100x130.png,1773,2023/2024,2023-08-11,2024-05-19,2023-07-12,2028-06-30,2024-05-13,49696868.087385535
445648,Jarrad Branthwaite,2002-06-27,19,England,19,England,left,195.0,74.0,https://cdn5.wyscout.com/photos/players/public/g-118836_100x130.png,862,2024/2025,2024-08-16,2025-05-25,2023-10-06,2027-06-30,2025-05-19,49576836.8093712
441115,João Gomes,2001-02-12,234,Brazil,234,Brazil,right,176.0,74.0,https://cdn5.wyscout.com/photos/players/public/g-112704_100x130.png,862,2024/2025,2024-08-16,2025-05-25,2025-04-01,2030-06-30,2025-05-19,49494866.131909035
389423,Tino Livramento,2002-11-12,19,England,10,Scotland,right,182.0,72.0,https://cdn5.wyscout.com/photos/players/public/g-60479_100x130.png,862,2024/2025,2024-08-16,2025-05-25,2023-08-08,2028-06-30,2025-05-19,49271811.777858362
481983,Abdukodir Khusanov,2004-02-29,33,Uzbekistan,33,Uzbekistan,right,186.0,84.0,https://cdn5.wyscout.com/photos/players/public/g-168091_100x130.png,862,2024/2025,2024-08-16,2025-05-25,2025-01-20,2029-06-30,2025-05-19,49210871.067528009
394213,Armando Broja,2001-09-10,19,England,260,Albania,right,191.0,75.0,https://cdn5.wyscout.com/photos/players/public/g506042_100x130.png,1773,2023/2024,2023-08-11,2024-05-19,2022-09-02,2028-06-30,2024-01-29,49188547.806714781
448190,Pape Sarr,2002-09-14,74,Senegal,74,Senegal,right,184.0,70.0,https://cdn5.wyscout.com/photos/players/public/g-122457_100x130.png,862,2024/2025,2024-08-16,2025-05-25,2024-01-02,2030-06-30,2025-05-19,49178076.000007048
274843,Marc Cucurella,1998-07-22,197,Spain,197,Spain,left,173.0,66.0,https://cdn5.wyscout.com/photos/players/public/g372743_100x130.png,862,2024/2025,2024-08-16,2025-05-25,2022-08-05,2028-06-30,2025-05-19,49133979.26366064
456892,Levi Colwill,2003-02-26,19,England,19,England,left,187.0,83.0,https://cdn5.wyscout.com/photos/players/public/g-134252_100x130.png,862,2024/2025,2024-08-16,2025-05-25,2023-08-02,2029-06-30,2025-05-19,49066384.418766692
350714,Curtis Jones,2001-01-30,19,England,19,England,right,185.0,75.0,https://cdn5.wyscout.com/photos/players/public/g459355_100x130.png,862,2024/2025,2024-08-16,2025-05-25,2022-11-17,2027-06-30,2025-05-19,48920618.119508296
362296,Eberechi Eze,1998-06-29,19,England,104,Nigeria,right,173.0,67.0,https://cdn5.wyscout.com/photos/players/public/g471115_100x130.png,1773,2023/2024,2023-08-11,2024-05-19,2023-11-10,2027-06-30,2024-05-13,48865186.64005319
417444,Anthony Elanga,2002-04-27,57,Sweden,221,Cameroon,right,178.0,75.0,https://cdn5.wyscout.com/photos/players/public/g-81047_100x130.png,862,2024/2025,2024-08-16,2025-05-25,2023-07-25,2028-06-30,2025-05-19,48851697.073696062
347473,Bryan Mbeumo,1999-08-07,191,France,221,Cameroon,left,171.0,65.0,https://cdn5.wyscout.com/photos/players/public/g457466_100x130.png,862,2024/2025,2024-08-16,2025-05-25,2021-06-30,2026-06-30,2025-05-19,48755704.728512965
220174,João Palhinha,1995-07-09,85,Portugal,85,Portugal,right,190.0,85.0,https://cdn5.wyscout.com/photos/players/public/g285652_100x130.png,1773,2023/2024,2023-08-11,2024-05-19,2023-09-14,2028-06-30,2024-05-13,48245547.252888687
431102,Nico González,2002-01-03,197,Spain,197,Spain,right,188.0,86.0,https://cdn5.wyscout.com/photos/players/public/g-99066_100x130.png,862,2024/2025,2024-08-16,2025-05-25,2025-02-03,2029-06-30,2025-05-19,47444040.0890536
307036,Ibrahima Konaté,1999-05-25,191,France,122,Mali,right,194.0,95.0,https://cdn5.wyscout.com/photos/players/public/g416730_100x130.png,1773,2023/2024,2023-08-11,2024-05-19,2021-06-30,2026-06-30,2024-05-13,47146490.658481777
369370,Pedro Neto,2000-03-09,85,Portugal,85,Portugal,left,172.0,62.0,https://cdn5.wyscout.com/photos/players/public/g477582_100x130.png,1773,2023/2024,2023-08-11,2024-05-19,2022-03-09,2027-06-30,2024-05-13,47018145.9681553
354176,Sven Botman,2000-01-12,101,Netherlands,101,Netherlands,left,193.0,81.0,https://cdn5.wyscout.com/photos/players/public/g463014_100x130.png,1773,2023/2024,2023-08-11,2024-05-19,2022-07-01,2027-06-30,2024-05-13,46707632.062126756
484062,Milos Kerkez,2003-11-07,63,Serbia,166,Hungary,left,176.0,71.0,https://cdn5.wyscout.com/photos/players/public/g-170807_100x130.png,862,2024/2025,2024-08-16,2025-05-25,2023-07-20,2028-06-30,2025-05-19,46635096.483894721
448190,Pape Sarr,2002-09-14,74,Senegal,74,Senegal,right,184.0,70.0,https://cdn5.wyscout.com/photos/players/public/g-122457_100x130.png,1773,2023/2024,2023-08-11,2024-05-19,2024-01-02,2030-06-30,2024-05-13,46540779.63779033
40790,Jack Grealish,1995-09-10,19,England,161,Ireland,right,180.0,81.0,https://cdn5.wyscout.com/photos/players/public/73563_100x130.png,1773,2023/2024,2023-08-11,2024-05-19,2021-06-30,2027-06-30,2024-05-13,46503547.774407037
396826,Mykhaylo Mudryk,2001-01-05,37,Ukraine,37,Ukraine,right,175.0,61.0,https://cdn5.wyscout.com/photos/players/public/g509448_100x130.png,1773,2023/2024,2023-08-11,2024-05-19,2023-01-15,2031-06-30,2024-05-13,46313078.317607678
434427,Matheus Nunes,1998-08-27,234,Brazil,85,Portugal,right,183.0,78.0,https://cdn5.wyscout.com/photos/players/public/g-103643_100x130.png,1773,2023/2024,2023-08-11,2024-05-19,2022-08-18,2027-06-30,2023-08-28,46147733.654215276
411080,Antoine Semenyo,2000-01-07,19,England,184,Ghana,right,185.0,79.0,https://cdn5.wyscout.com/photos/players/public/g-71991_100x130.png,862,2024/2025,2024-08-16,2025-05-25,2024-07-08,2029-06-30,2025-05-19,46039220.144986376
254480,Manuel Akanji,1995-07-19,225,Switzerland,104,Nigeria,right,187.0,91.0,https://cdn5.wyscout.com/photos/players/public/g329229_100x130.png,1773,2023/2024,2023-08-11,2024-05-19,2022-09-01,2027-06-30,2024-05-13,45853155.817787215
342559,Reece James,1999-12-08,19,England,19,England,right,179.0,77.0,https://cdn5.wyscout.com/photos/players/public/g453252_100x130.png,1773,2023/2024,2023-08-11,2024-05-19,2022-09-05,2028-06-30,2024-05-13,45841184.780941539
143867,Mohamed Salah,1992-06-15,200,Egypt,200,Egypt,left,175.0,71.0,https://cdn5.wyscout.com/photos/players/public/64541_100x130.png,1773,2023/2024,2023-08-11,2024-05-19,2022-07-01,2025-06-30,2024-05-13,45301451.915708169
243983,James Maddison,1996-11-23,19,England,19,England,right,175.0,73.0,https://cdn5.wyscout.com/photos/players/public/g317810_100x130.png,862,2024/2025,2024-08-16,2025-05-25,2023-07-01,2028-06-30,2025-05-19,45099701.152091406
432671,Malo Gusto,2003-05-19,191,France,85,Portugal,right,178.0,76.0,https://cdn5.wyscout.com/photos/players/public/g-101131_100x130.png,1773,2023/2024,2023-08-11,2024-05-19,2023-01-29,2030-06-30,2024-05-13,45036089.670155056
356954,Nathan Collins,2001-04-30,161,Ireland,161,Ireland,right,195.0,88.0,https://cdn5.wyscout.com/photos/players/public/g465846_100x130.png,862,2024/2025,2024-08-16,2025-05-25,2023-07-04,2029-06-30,2025-05-19,44717639.50201878
293232,Diogo Dalot,1999-03-18,85,Portugal,85,Portugal,right,184.0,76.0,https://cdn5.wyscout.com/photos/players/public/g400243_100x130.png,862,2024/2025,2024-08-16,2025-05-25,2018-07-01,2028-06-30,2025-05-19,44681105.900504686
406808,Cole Palmer,2002-05-06,19,England,19,England,left,189.0,74.0,https://cdn5.wyscout.com/photos/players/public/g-66123_100x130.png,1773,2023/2024,2023-08-11,2024-05-19,2021-06-14,2026-06-30,2023-08-28,44432711.13856411
560124,Archie Gray,2006-03-12,19,England,10,Scotland,right,183.0,70.0,https://cdn5.wyscout.com/photos/players/public/g-279789_100x130.png,862,2024/2025,2024-08-16,2025-05-25,2024-07-02,2030-06-30,2025-05-19,44365219.270236142
386977,Kevin Schade,2001-11-27,207,Germany,104,Nigeria,right,185.0,74.0,https://cdn5.wyscout.com/photos/players/public/g-59376_100x130.png,862,2024/2025,2024-08-16,2025-05-25,2023-07-01,2028-06-30,2025-05-19,44348532.240514651
289801,Matthijs de Ligt,1999-08-12,101,Netherlands,101,Netherlands,right,189.0,89.0,https://cdn5.wyscout.com/photos/players/public/g399768_100x130.png,862,2024/2025,2024-08-16,2025-05-25,2024-08-13,2029-06-30,2025-05-19,44211452.94968906
621962,Yankuba Minteh,2004-07-22,180,The Gambia,180,The Gambia,left,180.0,65.0,https://cdn5.wyscout.com/photos/players/public/g-368872_100x130.png,862,2024/2025,2024-08-16,2025-05-25,2024-07-01,2029-06-30,2025-05-19,44026079.04255341
276065,Diogo Jota,1996-12-04,85,Portugal,85,Portugal,right,178.0,73.0,https://cdn5.wyscout.com/photos/players/public/g374031_100x130.png,1773,2023/2024,2023-08-11,2024-05-19,2022-08-02,2027-06-30,2024-05-13,43986495.765030421
363343,Lisandro Martínez,1998-01-18,257,Argentina,257,Argentina,left,178.0,77.0,https://cdn5.wyscout.com/photos/players/public/g471671_100x130.png,1773,2023/2024,2023-08-11,2024-05-19,2022-07-27,2027-06-30,2024-05-13,43635815.643343136
350596,Jacob Ramsey,2001-05-28,19,England,19,England,right,180.0,72.0,https://cdn5.wyscout.com/photos/players/public/g459219_100x130.png,1773,2023/2024,2023-08-11,2024-05-19,2022-04-26,2027-06-30,2024-05-13,43332437.028973661
456892,Levi Colwill,2003-02-26,19,England,19,England,left,187.0,83.0,https://cdn5.wyscout.com/photos/players/public/g-134252_100x130.png,1773,2023/2024,2023-08-11,2024-05-19,2023-08-02,2029-06-30,2024-05-13,42972176.186332822
368720,Maximilian Kilman,1997-05-23,19,England,37,Ukraine,left,194.0,89.0,https://cdn5.wyscout.com/photos/players/public/g477041_100x130.png,1773,2023/2024,2023-08-11,2024-05-19,2023-08-13,2028-06-30,2024-05-13,42938429.428358875
227010,Youri Tielemans,1997-05-07,247,Belgium,220,Congo DR,right,176.0,72.0,https://cdn5.wyscout.com/photos/players/public/g297294_100x130.png,862,2024/2025,2024-08-16,2025-05-25,2023-07-01,2028-06-30,2025-05-19,42879201.463740289
466868,Bilal El Khannouss,2004-05-10,247,Belgium,130,Morocco,right,180.0,70.0,https://cdn5.wyscout.com/photos/players/public/g-147773_100x130.png,862,2024/2025,2024-08-16,2025-05-25,2024-08-29,2028-06-30,2025-05-19,42836474.827882081
276520,Mason Mount,1999-01-10,19,England,19,England,right,181.0,74.0,https://cdn5.wyscout.com/photos/players/public/g376697_100x130.png,1773,2023/2024,2023-08-11,2024-05-19,2023-07-05,2028-06-30,2024-05-13,42833134.239933819
432671,Malo Gusto,2003-05-19,191,France,85,Portugal,right,178.0,76.0,https://cdn5.wyscout.com/photos/players/public/g-101131_100x130.png,862,2024/2025,2024-08-16,2025-05-25,2023-01-29,2030-06-30,2025-05-19,42821724.019451588
7088834,Elliot Anderson,2002-11-06,19,England,10,Scotland,right,179.0,63.0,https://cdn5.wyscout.com/photos/players/public/g414655_100x130.png,862,2024/2025,2024-08-16,2025-05-25,2024-07-01,2029-06-30,2025-05-19,42656629.85338819
396376,Ryan Gravenberch,2002-05-16,101,Netherlands,60,Suriname,right,190.0,77.0,https://cdn5.wyscout.com/photos/players/public/g508816_100x130.png,1773,2023/2024,2023-08-11,2024-05-19,2023-09-01,2028-06-30,2024-05-13,42497450.747597054
434427,Matheus Nunes,1998-08-27,234,Brazil,85,Portugal,right,183.0,78.0,https://cdn5.wyscout.com/photos/players/public/g-103643_100x130.png,1773,2023/2024,2023-08-11,2024-05-19,2023-09-01,2028-06-30,2024-05-13,42158847.957249343
317651,Ezri Konsa,1997-10-23,19,England,220,Congo DR,right,183.0,77.0,https://cdn5.wyscout.com/photos/players/public/g431214_100x130.png,862,2024/2025,2024-08-16,2025-05-25,2023-09-20,2028-06-30,2025-05-19,41995283.974065594
7103399,Francisco Evanilson Evanilson,1999-10-06,234,Brazil,234,Brazil,both,183.0,77.0,https://cdn5.wyscout.com/photos/players/public/g-49496_100x130.png,862,2024/2025,2024-08-16,2025-05-25,2024-08-16,2029-06-30,2025-05-19,41968555.664817408
401856,Joshua Zirkzee,2001-05-22,101,Netherlands,104,Nigeria,right,193.0,87.0,https://cdn5.wyscout.com/photos/players/public/g516377_100x130.png,862,2024/2025,2024-08-16,2025-05-25,2024-07-14,2029-06-30,2025-05-19,41868747.788095549
40805,Raheem Sterling,1994-12-08,155,Jamaica,19,England,right,172.0,69.0,https://cdn5.wyscout.com/photos/players/public/51136_100x130.png,1773,2023/2024,2023-08-11,2024-05-19,2022-07-13,2027-06-30,2024-05-13,41058516.118501231
246102,Dominic Solanke,1997-09-14,19,England,104,Nigeria,right,187.0,80.0,https://cdn5.wyscout.com/photos/players/public/g320283_100x130.png,1773,2023/2024,2023-08-11,2024-05-19,2023-09-14,2027-06-30,2024-05-13,40946003.248268932
482808,Adam Wharton,2004-02-06,19,England,19,England,left,182.0,73.0,https://cdn5.wyscout.com/photos/players/public/g-169254_100x130.png,862,2024/2025,2024-08-16,2025-05-25,2024-02-01,2029-06-30,2025-05-19,40801441.484078124
303876,Leon Bailey,1997-08-09,155,Jamaica,155,Jamaica,left,178.0,77.0,https://cdn5.wyscout.com/photos/players/public/g415585_100x130.png,1773,2023/2024,2023-08-11,2024-05-19,2024-02-12,2027-06-30,2024-05-13,40707793.134081125
312790,Boubacar Kamara,1999-11-23,191,France,74,Senegal,right,184.0,68.0,https://cdn5.wyscout.com/photos/players/public/g426522_100x130.png,862,2024/2025,2024-08-16,2025-05-25,2022-07-01,2027-06-30,2025-05-19,40609791.045609415
400932,Riccardo Calafiori,2002-05-19,156,Italy,156,Italy,left,188.0,86.0,https://cdn5.wyscout.com/photos/players/public/g-63190_100x130.png,862,2024/2025,2024-08-16,2025-05-25,2024-07-29,2029-06-30,2025-05-19,40597958.125817925
389423,Tino Livramento,2002-11-12,19,England,10,Scotland,right,182.0,72.0,https://cdn5.wyscout.com/photos/players/public/g-60479_100x130.png,1773,2023/2024,2023-08-11,2024-05-19,2023-08-08,2028-06-30,2024-05-13,40569721.61260049
435523,Ilya Zabarnyi,2002-09-01,37,Ukraine,37,Ukraine,right,189.0,81.0,https://cdn5.wyscout.com/photos/players/public/g-105241_100x130.png,1773,2023/2024,2023-08-11,2024-05-19,2023-01-31,2028-06-30,2024-05-13,40357031.1509548
271397,Mikel Merino,1996-06-22,197,Spain,197,Spain,left,189.0,83.0,https://cdn5.wyscout.com/photos/players/public/g362649_100x130.png,862,2024/2025,2024-08-16,2025-05-25,2024-08-27,2028-06-30,2025-05-19,40282709.501786925
359113,Jakub Kiwior,2000-02-15,88,Poland,88,Poland,left,189.0,75.0,https://cdn5.wyscout.com/photos/players/public/g468245_100x130.png,862,2024/2025,2024-08-16,2025-05-25,2023-01-23,2028-06-30,2025-05-19,40111178.372984812
394306,Benoît Badiashile,2001-03-26,191,France,220,Congo DR,left,194.0,77.0,https://cdn5.wyscout.com/photos/players/public/g506319_100x130.png,1773,2023/2024,2023-08-11,2024-05-19,2023-01-05,2030-06-30,2024-05-13,40009515.741201922
157546,Leandro Trossard,1994-12-04,247,Belgium,247,Belgium,right,172.0,63.0,https://cdn5.wyscout.com/photos/players/public/82732_100x130.png,1773,2023/2024,2023-08-11,2024-05-19,2023-01-20,2026-06-30,2024-05-13,39754377.092219643
356954,Nathan Collins,2001-04-30,161,Ireland,161,Ireland,right,195.0,88.0,https://cdn5.wyscout.com/photos/players/public/g465846_100x130.png,1773,2023/2024,2023-08-11,2024-05-19,2023-07-04,2029-06-30,2024-05-13,39551496.254360229
428248,Liam Delap,2003-02-08,19,England,161,Ireland,right,186.0,77.0,https://cdn5.wyscout.com/photos/players/public/g-95304_100x130.png,862,2024/2025,2024-08-16,2025-05-25,2024-07-13,2029-06-30,2025-05-19,39434768.224049516
452959,Danilo Danilo,2001-04-29,234,Brazil,234,Brazil,left,176.0,69.0,https://cdn5.wyscout.com/photos/players/public/g-129152_100x130.png,1773,2023/2024,2023-08-11,2024-05-19,2023-01-16,2029-06-30,2024-05-13,39397758.799060032
343358,Edson Álvarez,1997-10-24,125,Mexico,125,Mexico,right,187.0,73.0,https://cdn5.wyscout.com/photos/players/public/g454119_100x130.png,1773,2023/2024,2023-08-11,2024-05-19,2023-08-10,2028-06-30,2024-05-13,39192542.877886795
395238,Kaoru Mitoma,1997-05-20,152,Japan,152,Japan,right,178.0,71.0,https://cdn5.wyscout.com/photos/players/public/g507525_100x130.png,862,2024/2025,2024-08-16,2025-05-25,2023-10-20,2027-06-30,2025-05-19,39185748.86310029
350714,Curtis Jones,2001-01-30,19,England,19,England,right,185.0,75.0,https://cdn5.wyscout.com/photos/players/public/g459355_100x130.png,1773,2023/2024,2023-08-11,2024-05-19,2022-11-17,2027-06-30,2024-05-13,38971162.474826455
405856,Taylor Harwood-Bellis,2002-01-30,19,England,19,England,right,188.0,73.0,https://cdn5.wyscout.com/photos/players/public/g523653_100x130.png,862,2024/2025,2024-08-16,2025-05-25,2024-07-01,2028-06-30,2025-05-19,38946624.192173809
394213,Armando Broja,2001-09-10,19,England,260,Albania,right,191.0,75.0,https://cdn5.wyscout.com/photos/players/public/g506042_100x130.png,1773,2023/2024,2023-08-11,2024-05-19,2024-02-01,2024-06-30,2024-05-13,38717532.696610861
457059,Patrick Dorgu,2004-10-26,204,Denmark,104,Nigeria,left,185.0,64.0,https://cdn5.wyscout.com/photos/players/public/g-134492_100x130.png,862,2024/2025,2024-08-16,2025-05-25,2025-02-02,2030-06-30,2025-05-19,38607827.720320113
485102,Wilson Odobert,2004-11-28,191,France,191,France,right,185.0,76.0,https://cdn5.wyscout.com/photos/players/public/g-172213_100x130.png,862,2024/2025,2024-08-16,2025-05-25,2024-08-16,2029-06-30,2025-05-19,38553752.209882431
363343,Lisandro Martínez,1998-01-18,257,Argentina,257,Argentina,left,178.0,77.0,https://cdn5.wyscout.com/photos/players/public/g471671_100x130.png,862,2024/2025,2024-08-16,2025-05-25,2022-07-27,2027-06-30,2025-05-19,38475431.240324795
434427,Matheus Nunes,1998-08-27,234,Brazil,85,Portugal,right,183.0,78.0,https://cdn5.wyscout.com/photos/players/public/g-103643_100x130.png,862,2024/2025,2024-08-16,2025-05-25,2023-09-01,2028-06-30,2025-05-19,38468815.751024649
276539,Joe Willock,1999-08-20,19,England,114,Montserrat,right,179.0,71.0,https://cdn5.wyscout.com/photos/players/public/g376613_100x130.png,1773,2023/2024,2023-08-11,2024-05-19,2021-06-30,2027-06-30,2024-05-13,38465197.675555937
456874,Oscar Bobb,2003-07-12,100,Norway,180,The Gambia,left,172.0,65.0,https://cdn5.wyscout.com/photos/players/public/g-134230_100x130.png,1773,2023/2024,2023-08-11,2024-05-19,2024-02-26,2029-06-30,2024-05-13,38390357.528121509
277384,Christopher Nkunku,1997-11-14,191,France,220,Congo DR,right,177.0,73.0,https://cdn5.wyscout.com/photos/players/public/g376909_100x130.png,862,2024/2025,2024-08-16,2025-05-25,2023-07-01,2029-06-30,2025-05-19,38298858.320179068
342559,Reece James,1999-12-08,19,England,19,England,right,179.0,77.0,https://cdn5.wyscout.com/photos/players/public/g453252_100x130.png,862,2024/2025,2024-08-16,2025-05-25,2022-09-05,2028-06-30,2025-05-19,38240996.377877429
44554,Heung-min Son,1992-07-08,145,Korea Republic,145,Korea Republic,both,183.0,78.0,https://cdn5.wyscout.com/photos/players/public/54787_100x130.png,1773,2023/2024,2023-08-11,2024-05-19,2021-06-30,2025-06-30,2024-05-13,38214835.642614163
353045,Jörgen Larsen,2000-02-06,100,Norway,100,Norway,right,193.0,79.0,https://cdn5.wyscout.com/photos/players/public/g461807_100x130.png,862,2024/2025,2024-08-16,2025-05-25,2024-07-02,2025-06-30,2025-05-19,38117909.265122
244910,Tomas Soucek,1995-02-27,208,Czech Republic,208,Czech Republic,right,192.0,86.0,https://cdn5.wyscout.com/photos/players/public/g319365_100x130.png,1773,2023/2024,2023-08-11,2024-05-19,2024-01-01,2027-06-30,2024-05-13,38080689.342360064
399946,Cheick Doucouré,2000-01-08,122,Mali,122,Mali,right,180.0,73.0,https://cdn5.wyscout.com/photos/players/public/g513387_100x130.png,1773,2023/2024,2023-08-11,2024-05-19,2024-02-28,2029-06-30,2024-05-13,38067565.058662526
462206,Murillo Santiago Murillo,2002-07-04,234,Brazil,234,Brazil,left,184.0,77.0,https://cdn5.wyscout.com/photos/players/public/g-141512_100x130.png,1773,2023/2024,2023-08-11,2024-05-19,2023-08-31,2028-06-30,2024-05-13,38046367.809927836
276065,Diogo Jota,1996-12-04,85,Portugal,85,Portugal,right,178.0,73.0,https://cdn5.wyscout.com/photos/players/public/g374031_100x130.png,862,2024/2025,2024-08-16,2025-05-25,2022-08-02,2027-06-30,2025-05-19,37982795.829036474
317651,Ezri Konsa,1997-10-23,19,England,220,Congo DR,right,183.0,77.0,https://cdn5.wyscout.com/photos/players/public/g431214_100x130.png,1773,2023/2024,2023-08-11,2024-05-19,2023-09-20,2028-06-30,2024-05-13,37951478.058818959
568743,Lucas Bergvall,2006-02-02,57,Sweden,57,Sweden,right,186.0,74.0,https://cdn5.wyscout.com/photos/players/public/g-292258_100x130.png,862,2024/2025,2024-08-16,2025-05-25,2025-04-29,2031-06-30,2025-05-19,37640172.639871843
278728,Noussair Mazraoui,1997-11-14,101,Netherlands,130,Morocco,right,183.0,65.0,https://cdn5.wyscout.com/photos/players/public/g381105_100x130.png,862,2024/2025,2024-08-16,2025-05-25,2024-08-13,2028-06-30,2025-05-19,37639121.9030718
310262,Pau Torres,1997-01-16,197,Spain,197,Spain,left,191.0,80.0,https://cdn5.wyscout.com/photos/players/public/g423623_100x130.png,862,2024/2025,2024-08-16,2025-05-25,2023-07-12,2028-06-30,2025-05-19,37635786.761955827
299094,Richarlison Richarlison,1997-05-10,234,Brazil,234,Brazil,right,184.0,71.0,https://cdn5.wyscout.com/photos/players/public/g407737_100x130.png,1773,2023/2024,2023-08-11,2024-05-19,2022-07-01,2027-06-30,2024-05-13,37615616.496972762
416412,Rayan Aït-Nouri,2001-06-06,191,France,202,Algeria,left,180.0,70.0,https://cdn5.wyscout.com/photos/players/public/g-79589_100x130.png,1773,2023/2024,2023-08-11,2024-05-19,2021-06-30,2026-06-30,2024-05-13,37538964.5461915
441115,João Gomes,2001-02-12,234,Brazil,234,Brazil,right,176.0,74.0,https://cdn5.wyscout.com/photos/players/public/g-112704_100x130.png,1773,2023/2024,2023-08-11,2024-05-19,2023-01-30,2028-06-30,2024-05-13,37399318.23592151
427440,Georginio Rutter,2002-04-20,191,France,113,Martinique,left,182.0,83.0,https://cdn5.wyscout.com/photos/players/public/g-94162_100x130.png,862,2024/2025,2024-08-16,2025-05-25,2024-08-19,2028-06-30,2025-05-19,37392965.369910084
347473,Bryan Mbeumo,1999-08-07,191,France,221,Cameroon,left,171.0,65.0,https://cdn5.wyscout.com/photos/players/public/g457466_100x130.png,1773,2023/2024,2023-08-11,2024-05-19,2021-06-30,2026-06-30,2024-05-13,37388226.332705162
384037,Sandro Tonali,2000-05-08,156,Italy,156,Italy,right,181.0,79.0,https://cdn5.wyscout.com/photos/players/public/g495152_100x130.png,1773,2023/2024,2023-08-11,2024-05-19,2023-07-03,2029-06-30,2024-05-13,37388157.945120931
276520,Mason Mount,1999-01-10,19,England,19,England,right,181.0,74.0,https://cdn5.wyscout.com/photos/players/public/g376697_100x130.png,862,2024/2025,2024-08-16,2025-05-25,2023-07-05,2028-06-30,2025-05-19,37317902.619360536
343794,Harvey Barnes,1997-12-09,19,England,10,Scotland,right,182.0,0.0,https://cdn5.wyscout.com/photos/players/public/g454522_100x130.png,1773,2023/2024,2023-08-11,2024-05-19,2023-07-23,2028-06-30,2024-05-13,37140515.408397228
341716,Ben White,1997-10-08,19,England,19,England,right,185.0,77.0,https://cdn5.wyscout.com/photos/players/public/g452343_100x130.png,862,2024/2025,2024-08-16,2025-05-25,2024-03-14,2028-06-30,2025-05-19,37125854.318470821
536171,Jack Hinshelwood,2005-04-11,19,England,19,England,right,181.0,73.0,https://cdn5.wyscout.com/photos/players/public/g-245743_100x130.png,862,2024/2025,2024-08-16,2025-05-25,2024-04-09,2028-06-30,2025-05-19,37095976.919058569
313197,Justin Kluivert,1999-05-05,101,Netherlands,60,Suriname,both,172.0,66.0,https://cdn5.wyscout.com/photos/players/public/g426578_100x130.png,862,2024/2025,2024-08-16,2025-05-25,2023-07-01,2028-06-30,2025-05-19,36851420.880184457
228560,Bernardo Silva,1994-08-10,85,Portugal,85,Portugal,left,173.0,64.0,https://cdn5.wyscout.com/photos/players/public/g298753_100x130.png,862,2024/2025,2024-08-16,2025-05-25,2023-08-23,2026-06-30,2025-05-19,36740096.139172375
388353,Brennan Johnson,2001-05-23,19,England,8,Wales,right,179.0,73.0,https://cdn5.wyscout.com/photos/players/public/g-60272_100x130.png,1773,2023/2024,2023-08-11,2024-05-19,2022-07-01,2026-06-30,2023-08-28,36697790.946006179
156981,Nathan Aké,1995-02-18,101,Netherlands,222,Côte d'Ivoire,left,180.0,75.0,https://cdn5.wyscout.com/photos/players/public/68852_100x130.png,1773,2023/2024,2023-08-11,2024-05-19,2023-07-29,2027-06-30,2024-05-13,36487585.064092882
464836,Brajan Gruda,2004-05-31,207,Germany,260,Albania,left,178.0,70.0,https://cdn5.wyscout.com/photos/players/public/g-145149_100x130.png,862,2024/2025,2024-08-16,2025-05-25,2024-08-14,2028-06-30,2025-05-19,35978420.187274843
255337,Joelinton Cassio Joelinton,1996-08-14,234,Brazil,234,Brazil,right,186.0,81.0,https://cdn5.wyscout.com/photos/players/public/g331264_100x130.png,862,2024/2025,2024-08-16,2025-05-25,2024-04-11,2028-06-30,2025-05-19,35837803.038653091
276538,Eddie Nketiah,1999-05-30,19,England,184,Ghana,right,180.0,73.0,https://cdn5.wyscout.com/photos/players/public/g376605_100x130.png,1773,2023/2024,2023-08-11,2024-05-19,2022-06-18,2027-06-30,2024-05-13,35834484.902623676
395238,Kaoru Mitoma,1997-05-20,152,Japan,152,Japan,right,178.0,71.0,https://cdn5.wyscout.com/photos/players/public/g507525_100x130.png,1773,2023/2024,2023-08-11,2024-05-19,2023-10-20,2027-06-30,2024-05-13,35766272.707233086
167698,Joachim Andersen,1996-05-31,204,Denmark,204,Denmark,right,192.0,87.0,https://cdn5.wyscout.com/photos/players/public/g232240_100x130.png,1773,2023/2024,2023-08-11,2024-05-19,2021-06-30,2026-06-30,2024-05-13,35657452.020396158
342434,Emile Rowe,2000-07-28,19,England,19,England,right,182.0,72.0,https://cdn5.wyscout.com/photos/players/public/g453125_100x130.png,862,2024/2025,2024-08-16,2025-05-25,2024-08-02,2029-06-30,2025-05-19,35656621.710468642
431103,Ansu Fati,2002-10-31,179,Guinea-Bissau,197,Spain,right,178.0,66.0,https://cdn5.wyscout.com/photos/players/public/g-99068_100x130.png,1773,2023/2024,2023-08-11,2024-05-19,2023-09-01,2024-06-30,2024-05-13,35298869.232889004
302642,Axel Disasi,1998-03-11,191,France,220,Congo DR,right,190.0,86.0,https://cdn5.wyscout.com/photos/players/public/g413277_100x130.png,862,2024/2025,2024-08-16,2025-05-25,2023-08-04,2029-06-30,2025-01-27,35281238.921270177
365347,Jurrien Timber,2001-06-17,101,Netherlands,212,Curaçao,right,182.0,77.0,https://cdn5.wyscout.com/photos/players/public/g473481_100x130.png,1773,2023/2024,2023-08-11,2024-05-19,2023-07-14,2028-06-30,2024-05-13,35212309.547017917
560313,Lewis Miley,2006-05-01,19,England,19,England,right,185.0,65.0,https://cdn5.wyscout.com/photos/players/public/g-280032_100x130.png,862,2024/2025,2024-08-16,2025-05-25,2024-01-29,2029-06-30,2025-05-19,35128788.008975312
482808,Adam Wharton,2004-02-06,19,England,19,England,left,182.0,73.0,https://cdn5.wyscout.com/photos/players/public/g-169254_100x130.png,1773,2023/2024,2023-08-11,2024-05-19,2024-02-01,2029-06-30,2024-05-13,35122775.871756107
37984,James Ward-Prowse,1994-11-01,19,England,19,England,right,177.0,66.0,https://cdn5.wyscout.com/photos/players/public/72561_100x130.png,1773,2023/2024,2023-08-11,2024-05-19,2023-08-14,2027-06-30,2024-05-13,34954585.523819074
167698,Joachim Andersen,1996-05-31,204,Denmark,204,Denmark,right,192.0,87.0,https://cdn5.wyscout.com/photos/players/public/g232240_100x130.png,862,2024/2025,2024-08-16,2025-05-25,2021-06-30,2026-06-30,2024-08-19,34943576.991284825
416412,Rayan Aït-Nouri,2001-06-06,191,France,202,Algeria,left,180.0,70.0,https://cdn5.wyscout.com/photos/players/public/g-79589_100x130.png,862,2024/2025,2024-08-16,2025-05-25,2021-06-30,2026-06-30,2025-05-19,34922463.179366313
458759,Jarell Quansah,2003-01-29,19,England,10,Scotland,right,190.0,78.0,https://cdn5.wyscout.com/photos/players/public/g-136704_100x130.png,862,2024/2025,2024-08-16,2025-05-25,2024-10-07,2029-06-30,2025-05-19,34841399.205953456
358115,James Garner,2001-03-13,19,England,19,England,right,182.0,78.0,https://cdn5.wyscout.com/photos/players/public/g467164_100x130.png,1773,2023/2024,2023-08-11,2024-05-19,2022-09-01,2027-06-30,2024-05-13,34556121.837227941
245735,Yoane Wissa,1996-09-03,191,France,220,Congo DR,right,176.0,74.0,https://cdn5.wyscout.com/photos/players/public/g320030_100x130.png,862,2024/2025,2024-08-16,2025-05-25,2023-05-04,2026-06-30,2025-05-19,34146450.76046066
344324,Mikkel Damsgaard,2000-07-03,204,Denmark,204,Denmark,right,180.0,71.0,https://cdn5.wyscout.com/photos/players/public/g-45021_100x130.png,862,2024/2025,2024-08-16,2025-05-25,2025-01-22,2030-06-30,2025-05-19,34079106.3529445
454606,Evan Ferguson,2004-10-19,161,Ireland,161,Ireland,right,183.0,76.0,https://cdn5.wyscout.com/photos/players/public/g-131096_100x130.png,862,2024/2025,2024-08-16,2025-05-25,2025-02-03,2025-06-30,2025-05-19,34012242.9957071
589537,Facundo Buonanotte,2004-12-23,257,Argentina,156,Italy,left,174.0,66.0,https://cdn5.wyscout.com/photos/players/public/g-322171_100x130.png,1773,2023/2024,2023-08-11,2024-05-19,2023-01-01,2027-06-30,2024-05-13,33832666.588971466
430419,Amad Diallo,2002-07-11,222,Côte d'Ivoire,156,Italy,left,173.0,72.0,https://cdn5.wyscout.com/photos/players/public/g-98203_100x130.png,862,2024/2025,2024-08-16,2025-05-25,2025-01-09,2030-06-30,2025-05-19,33558127.538827732
351331,João Félix,1999-11-10,85,Portugal,85,Portugal,right,181.0,70.0,https://cdn5.wyscout.com/photos/players/public/g459986_100x130.png,862,2024/2025,2024-08-16,2025-05-25,2024-08-21,2031-06-30,2025-01-27,33550732.578174148
325762,Nikola Milenković,1997-10-12,63,Serbia,63,Serbia,right,195.0,90.0,https://cdn5.wyscout.com/photos/players/public/g440930_100x130.png,862,2024/2025,2024-08-16,2025-05-25,2024-07-18,2029-06-30,2025-05-19,33540115.97642174
407850,Simon Adingra,2002-01-01,222,Côte d'Ivoire,222,Côte d'Ivoire,right,175.0,65.0,https://cdn5.wyscout.com/photos/players/public/g-67549_100x130.png,1773,2023/2024,2023-08-11,2024-05-19,2022-07-01,2026-06-30,2024-05-13,33538172.89687508
465578,Conor Bradley,2003-07-09,13,Northern Ireland,13,Northern Ireland,right,181.0,74.0,https://cdn5.wyscout.com/photos/players/public/g-146117_100x130.png,862,2024/2025,2024-08-16,2025-05-25,2025-05-17,2029-06-30,2025-05-19,33464747.874534857
406868,Ian Maatsen,2002-03-10,101,Netherlands,60,Suriname,left,178.0,57.0,https://cdn5.wyscout.com/photos/players/public/g-66199_100x130.png,862,2024/2025,2024-08-16,2025-05-25,2024-07-01,2030-06-30,2025-05-19,33331118.41761345
484172,Lesley Ugochukwu,2004-03-26,191,France,104,Nigeria,right,190.0,88.0,https://cdn5.wyscout.com/photos/players/public/g-170962_100x130.png,1773,2023/2024,2023-08-11,2024-05-19,2023-08-01,2030-06-30,2024-05-13,33316007.682398263
301581,Antonee Robinson,1997-08-08,19,England,34,United States,left,183.0,73.0,https://cdn5.wyscout.com/photos/players/public/g409164_100x130.png,862,2024/2025,2024-08-16,2025-05-25,2023-07-07,2028-06-30,2025-05-19,33291471.226880547
585320,Luís Guilherme,2006-02-09,234,Brazil,234,Brazil,left,175.0,66.0,https://cdn5.wyscout.com/photos/players/public/g-316077_100x130.png,862,2024/2025,2024-08-16,2025-05-25,2024-07-01,2029-06-30,2025-05-19,33164272.734578528
485487,Mateus Fernandes,2004-07-10,85,Portugal,85,Portugal,right,178.0,72.0,https://cdn5.wyscout.com/photos/players/public/g-172667_100x130.png,862,2024/2025,2024-08-16,2025-05-25,2024-08-20,2029-06-30,2025-05-19,33129196.433262203
350596,Jacob Ramsey,2001-05-28,19,England,19,England,right,180.0,72.0,https://cdn5.wyscout.com/photos/players/public/g459219_100x130.png,862,2024/2025,2024-08-16,2025-05-25,2022-04-26,2027-06-30,2025-05-19,33081420.894742295
167698,Joachim Andersen,1996-05-31,204,Denmark,204,Denmark,right,192.0,87.0,https://cdn5.wyscout.com/photos/players/public/g232240_100x130.png,862,2024/2025,2024-08-16,2025-05-25,2024-08-23,2029-06-30,2025-05-19,33049426.968578856
368720,Maximilian Kilman,1997-05-23,19,England,37,Ukraine,left,194.0,89.0,https://cdn5.wyscout.com/photos/players/public/g477041_100x130.png,862,2024/2025,2024-08-16,2025-05-25,2024-07-06,2031-06-30,2025-05-19,32955114.088155244
308427,Marc Guéhi,2000-07-13,222,Côte d'Ivoire,19,England,right,182.0,82.0,https://cdn5.wyscout.com/photos/players/public/g420559_100x130.png,1773,2023/2024,2023-08-11,2024-05-19,2021-06-30,2026-06-30,2024-05-13,32923584.799948115
438767,André Trindade,2001-07-16,234,Brazil,234,Brazil,right,176.0,77.0,https://cdn5.wyscout.com/photos/players/public/g-109779_100x130.png,862,2024/2025,2024-08-16,2025-05-25,2024-08-30,2029-06-30,2025-05-19,32821378.582047537
374418,Maxence Lacroix,2000-04-06,191,France,181,Guadeloupe,right,190.0,88.0,https://cdn5.wyscout.com/photos/players/public/g482559_100x130.png,862,2024/2025,2024-08-16,2025-05-25,2024-08-30,2029-06-30,2025-05-19,32793127.74459726
391983,Antony Matheus Antony,2000-02-24,234,Brazil,234,Brazil,left,174.0,63.0,https://cdn5.wyscout.com/photos/players/public/g-61091_100x130.png,1773,2023/2024,2023-08-11,2024-05-19,2022-08-30,2027-06-30,2024-05-13,32551818.835437551
343239,Ismaïla Sarr,1998-02-25,74,Senegal,74,Senegal,right,185.0,76.0,https://cdn5.wyscout.com/photos/players/public/g453991_100x130.png,862,2024/2025,2024-08-16,2025-05-25,2024-08-01,2029-06-30,2025-05-19,32484305.777307745
432922,Iliman Ndiaye,2000-03-06,191,France,74,Senegal,right,180.0,70.0,https://cdn5.wyscout.com/photos/players/public/g-101439_100x130.png,862,2024/2025,2024-08-16,2025-05-25,2024-07-03,2029-06-30,2025-05-19,32478871.525061615
440073,Keane Lewis-Potter,2001-02-22,19,England,19,England,right,170.0,66.0,https://cdn5.wyscout.com/photos/players/public/g-111468_100x130.png,862,2024/2025,2024-08-16,2025-05-25,2025-01-08,2031-06-30,2025-05-19,32053028.905130446
394457,Dwight McNeil,1999-11-22,19,England,19,England,left,183.0,70.0,https://cdn5.wyscout.com/photos/players/public/g506462_100x130.png,1773,2023/2024,2023-08-11,2024-05-19,2022-07-28,2027-06-30,2024-05-13,32043721.072490409
209687,Oleksandr Zinchenko,1996-12-15,37,Ukraine,37,Ukraine,left,175.0,64.0,https://cdn5.wyscout.com/photos/players/public/g275836_100x130.png,1773,2023/2024,2023-08-11,2024-05-19,2022-07-22,2026-06-30,2024-05-13,31858004.877515417
7101007,Vitor Reis,2006-01-12,234,Brazil,234,Brazil,right,186.0,77.0,https://cdn5.wyscout.com/photos/players/public/g-423636_100x130.png,862,2024/2025,2024-08-16,2025-05-25,2025-01-21,2029-06-30,2025-05-19,31836244.105794083
312790,Boubacar Kamara,1999-11-23,191,France,74,Senegal,right,184.0,68.0,https://cdn5.wyscout.com/photos/players/public/g426522_100x130.png,1773,2023/2024,2023-08-11,2024-05-19,2022-07-01,2027-06-30,2024-05-13,31761152.814274207
513086,Dango Ouattara,2002-02-11,244,Burkina Faso,244,Burkina Faso,left,177.0,71.0,https://cdn5.wyscout.com/photos/players/public/g-211604_100x130.png,862,2024/2025,2024-08-16,2025-05-25,2023-01-19,2028-06-30,2025-05-19,31678967.03165501
589537,Facundo Buonanotte,2004-12-23,257,Argentina,156,Italy,left,174.0,66.0,https://cdn5.wyscout.com/photos/players/public/g-322171_100x130.png,862,2024/2025,2024-08-16,2025-05-25,2024-08-10,2025-06-30,2025-05-19,31660255.407196391
536171,Jack Hinshelwood,2005-04-11,19,England,19,England,right,181.0,73.0,https://cdn5.wyscout.com/photos/players/public/g-245743_100x130.png,1773,2023/2024,2023-08-11,2024-05-19,2024-04-09,2028-06-30,2024-05-13,31635935.326189037
442878,Jhon Durán,2003-12-13,217,Colombia,217,Colombia,left,185.0,73.0,https://cdn5.wyscout.com/photos/players/public/g-114955_100x130.png,1773,2023/2024,2023-08-11,2024-05-19,2023-01-23,2028-06-30,2024-05-13,31606942.279662814
276512,Trevoh Chalobah,1999-07-05,68,Sierra Leone,19,England,right,192.0,84.0,https://cdn5.wyscout.com/photos/players/public/g376695_100x130.png,1773,2023/2024,2023-08-11,2024-05-19,2021-07-01,2028-06-30,2024-05-13,31583877.060170036
285365,Pervis Estupiñán,1998-01-21,201,Ecuador,197,Spain,left,175.0,78.0,https://cdn5.wyscout.com/photos/players/public/g393102_100x130.png,1773,2023/2024,2023-08-11,2024-05-19,2022-08-16,2027-06-30,2024-05-13,31218170.0907156
434416,Mats Wieffer,1999-11-16,101,Netherlands,101,Netherlands,right,188.0,76.0,https://cdn5.wyscout.com/photos/players/public/g-103615_100x130.png,862,2024/2025,2024-08-16,2025-05-25,2024-07-05,2029-06-30,2025-05-19,30867106.738121744
297487,Nayef Aguerd,1996-03-30,130,Morocco,130,Morocco,left,190.0,76.0,https://cdn5.wyscout.com/photos/players/public/g405620_100x130.png,1773,2023/2024,2023-08-11,2024-05-19,2022-07-01,2027-06-30,2024-05-13,30780499.307582375
439374,Aaron Hickey,2002-06-10,10,Scotland,10,Scotland,both,185.0,72.0,https://cdn5.wyscout.com/photos/players/public/g-110574_100x130.png,1773,2023/2024,2023-08-11,2024-05-19,2022-07-09,2026-06-30,2024-05-13,30726190.826014958
324212,Lucas Paquetá,1997-08-27,234,Brazil,85,Portugal,left,180.0,72.0,https://cdn5.wyscout.com/photos/players/public/g438313_100x130.png,862,2024/2025,2024-08-16,2025-05-25,2022-08-29,2027-06-30,2025-05-19,30665366.158213906
290899,Jean-Philippe Mateta,1997-06-28,191,France,220,Congo DR,right,190.0,84.0,https://cdn5.wyscout.com/photos/players/public/g395193_100x130.png,862,2024/2025,2024-08-16,2025-05-25,2024-12-23,2027-06-30,2025-05-19,30665074.768316649
442696,Julio Enciso,2004-01-23,84,Paraguay,84,Paraguay,right,173.0,64.0,https://cdn5.wyscout.com/photos/players/public/g-114712_100x130.png,862,2024/2025,2024-08-16,2025-05-25,2022-07-01,2026-06-30,2025-01-20,30640687.866132937
343728,Sean Longstaff,1997-10-30,19,England,19,England,right,180.0,65.0,https://cdn5.wyscout.com/photos/players/public/g454449_100x130.png,1773,2023/2024,2023-08-11,2024-05-19,2022-05-25,2026-06-30,2024-05-13,30516921.45578162
394306,Benoît Badiashile,2001-03-26,191,France,220,Congo DR,left,194.0,77.0,https://cdn5.wyscout.com/photos/players/public/g506319_100x130.png,862,2024/2025,2024-08-16,2025-05-25,2023-01-05,2030-06-30,2025-05-19,30482845.6395386
323975,Matty Cash,1997-08-07,19,England,88,Poland,right,185.0,74.0,https://cdn5.wyscout.com/photos/players/public/g437878_100x130.png,1773,2023/2024,2023-08-11,2024-05-19,2022-04-04,2027-06-30,2024-05-13,30431579.219394989
560313,Lewis Miley,2006-05-01,19,England,19,England,right,185.0,65.0,https://cdn5.wyscout.com/photos/players/public/g-280032_100x130.png,1773,2023/2024,2023-08-11,2024-05-19,2024-01-29,2029-06-30,2024-05-13,30359924.945719384
402963,Radu Drăgușin,2002-02-03,79,Romania,79,Romania,right,191.0,82.0,https://cdn5.wyscout.com/photos/players/public/g517739_100x130.png,1773,2023/2024,2023-08-11,2024-05-19,2024-01-11,2030-06-30,2024-05-13,30252877.632988822
343794,Harvey Barnes,1997-12-09,19,England,10,Scotland,right,182.0,0.0,https://cdn5.wyscout.com/photos/players/public/g454522_100x130.png,862,2024/2025,2024-08-16,2025-05-25,2023-07-23,2028-06-30,2025-05-19,30198701.15757801
342434,Emile Rowe,2000-07-28,19,England,19,England,right,182.0,72.0,https://cdn5.wyscout.com/photos/players/public/g453125_100x130.png,1773,2023/2024,2023-08-11,2024-05-19,2021-06-30,2026-06-30,2024-05-13,30156142.609796945
394409,Tyrick Mitchell,1999-09-01,19,England,155,Jamaica,left,175.0,65.0,https://cdn5.wyscout.com/photos/players/public/g506440_100x130.png,1773,2023/2024,2023-08-11,2024-05-19,2021-04-13,2027-06-30,2024-05-13,30100283.465760369
276512,Trevoh Chalobah,1999-07-05,68,Sierra Leone,19,England,right,192.0,84.0,https://cdn5.wyscout.com/photos/players/public/g376695_100x130.png,862,2024/2025,2024-08-16,2025-05-25,2021-07-01,2028-06-30,2025-05-19,30097986.346843049
457963,Lewis Hall,2004-09-08,19,England,19,England,left,179.0,69.0,https://cdn5.wyscout.com/photos/players/public/g-135617_100x130.png,862,2024/2025,2024-08-16,2025-05-25,2024-07-01,2026-06-30,2025-05-19,30075424.806525517
274843,Marc Cucurella,1998-07-22,197,Spain,197,Spain,left,173.0,66.0,https://cdn5.wyscout.com/photos/players/public/g372743_100x130.png,1773,2023/2024,2023-08-11,2024-05-19,2022-08-05,2028-06-30,2024-05-13,30062659.708479628
157546,Leandro Trossard,1994-12-04,247,Belgium,247,Belgium,right,172.0,63.0,https://cdn5.wyscout.com/photos/players/public/82732_100x130.png,862,2024/2025,2024-08-16,2025-05-25,2023-01-20,2026-06-30,2025-05-19,29994297.878867447
354176,Sven Botman,2000-01-12,101,Netherlands,101,Netherlands,left,193.0,81.0,https://cdn5.wyscout.com/photos/players/public/g463014_100x130.png,862,2024/2025,2024-08-16,2025-05-25,2022-07-01,2027-06-30,2025-05-19,29856733.967562597
513845,Michael Kayode,2004-07-10,156,Italy,104,Nigeria,right,179.0,69.0,https://cdn5.wyscout.com/photos/players/public/g-212780_100x130.png,862,2024/2025,2024-08-16,2025-05-25,2025-01-24,2025-06-30,2025-05-19,29732580.857735921
359113,Jakub Kiwior,2000-02-15,88,Poland,88,Poland,left,189.0,75.0,https://cdn5.wyscout.com/photos/players/public/g468245_100x130.png,1773,2023/2024,2023-08-11,2024-05-19,2023-01-23,2028-06-30,2024-05-13,29646504.010609087
222217,Joe Gomez,1997-05-23,19,England,180,The Gambia,right,188.0,77.0,https://cdn5.wyscout.com/photos/players/public/g290182_100x130.png,1773,2023/2024,2023-08-11,2024-05-19,2022-07-07,2027-06-30,2024-05-13,29528970.430301152
195007,John McGinn,1994-10-18,10,Scotland,10,Scotland,left,178.0,68.0,https://cdn5.wyscout.com/photos/players/public/g256156_100x130.png,1773,2023/2024,2023-08-11,2024-05-19,2018-08-08,2027-06-30,2024-05-13,29414970.724125382
386977,Kevin Schade,2001-11-27,207,Germany,104,Nigeria,right,185.0,74.0,https://cdn5.wyscout.com/photos/players/public/g-59376_100x130.png,1773,2023/2024,2023-08-11,2024-05-19,2023-07-01,2028-06-30,2024-05-13,29232925.867245987
227010,Youri Tielemans,1997-05-07,247,Belgium,220,Congo DR,right,176.0,72.0,https://cdn5.wyscout.com/photos/players/public/g297294_100x130.png,1773,2023/2024,2023-08-11,2024-05-19,2023-07-01,2028-06-30,2024-05-13,29171583.44396482
402963,Radu Drăgușin,2002-02-03,79,Romania,79,Romania,right,191.0,82.0,https://cdn5.wyscout.com/photos/players/public/g517739_100x130.png,862,2024/2025,2024-08-16,2025-05-25,2024-01-11,2030-06-30,2025-05-19,29106857.1494613
394409,Tyrick Mitchell,1999-09-01,19,England,155,Jamaica,left,175.0,65.0,https://cdn5.wyscout.com/photos/players/public/g506440_100x130.png,862,2024/2025,2024-08-16,2025-05-25,2021-04-13,2027-06-30,2025-05-19,29038611.473811522
465578,Conor Bradley,2003-07-09,13,Northern Ireland,13,Northern Ireland,right,181.0,74.0,https://cdn5.wyscout.com/photos/players/public/g-146117_100x130.png,1773,2023/2024,2023-08-11,2024-05-19,2023-07-01,2027-06-30,2024-05-13,28956854.468434278
411678,Sepp van den Berg,2001-12-20,101,Netherlands,101,Netherlands,right,192.0,87.0,https://cdn5.wyscout.com/photos/players/public/g-72826_100x130.png,862,2024/2025,2024-08-16,2025-05-25,2024-08-22,2029-06-30,2025-05-19,28818411.919248618
255337,Joelinton Cassio Joelinton,1996-08-14,234,Brazil,234,Brazil,right,186.0,81.0,https://cdn5.wyscout.com/photos/players/public/g331264_100x130.png,1773,2023/2024,2023-08-11,2024-05-19,2024-04-11,2028-06-30,2024-05-13,28734456.125623327
535689,Alex Scott,2003-08-21,185,Guernsey,19,England,right,178.0,69.0,https://cdn5.wyscout.com/photos/players/public/g-244984_100x130.png,1773,2023/2024,2023-08-11,2024-05-19,2023-08-10,2028-06-30,2024-05-13,28708498.381909296
314406,Vitaliy Mykolenko,1999-05-29,37,Ukraine,37,Ukraine,left,180.0,71.0,https://cdn5.wyscout.com/photos/players/public/g427943_100x130.png,1773,2023/2024,2023-08-11,2024-05-19,2021-06-30,2026-06-30,2024-05-13,28697598.508248664
566770,Tyrique George,2006-02-04,19,England,19,England,right,,0.0,https://cdn5.wyscout.com/photos/players/public/g-289551_100x130.png,862,2024/2025,2024-08-16,2025-05-25,2024-06-17,2027-06-30,2025-05-19,28646383.851051942
534981,Tyler Dibling,2006-02-17,19,England,19,England,left,178.0,65.0,https://cdn5.wyscout.com/photos/players/public/g-243985_100x130.png,862,2024/2025,2024-08-16,2025-05-25,2023-02-21,2027-06-30,2025-05-19,28642457.222327344
30739,Virgil van Dijk,1991-07-08,101,Netherlands,60,Suriname,right,193.0,92.0,https://cdn5.wyscout.com/photos/players/public/69128_100x130.png,1773,2023/2024,2023-08-11,2024-05-19,2021-06-30,2025-06-30,2024-05-13,28633377.567502491
318733,Yves Bissouma,1996-08-30,222,Côte d'Ivoire,122,Mali,right,182.0,80.0,https://cdn5.wyscout.com/photos/players/public/g432255_100x130.png,1773,2023/2024,2023-08-11,2024-05-19,2022-07-01,2026-06-30,2024-05-13,28548742.609634597
396826,Mykhaylo Mudryk,2001-01-05,37,Ukraine,37,Ukraine,right,175.0,61.0,https://cdn5.wyscout.com/photos/players/public/g509448_100x130.png,862,2024/2025,2024-08-16,2025-05-25,2023-01-15,2031-06-30,2025-05-19,28467234.619925693
37975,Luke Shaw,1995-07-12,19,England,19,England,left,181.0,75.0,https://cdn5.wyscout.com/photos/players/public/g209805_100x130.png,1773,2023/2024,2023-08-11,2024-05-19,2023-04-04,2027-06-30,2024-05-13,28443159.876709685
211187,Ivan Toney,1996-03-16,19,England,155,Jamaica,right,185.0,76.0,https://cdn5.wyscout.com/photos/players/public/g277348_100x130.png,1773,2023/2024,2023-08-11,2024-05-19,2020-06-30,2025-06-30,2024-05-13,28422089.364607893
200064,Alex Iwobi,1996-05-03,104,Nigeria,19,England,right,183.0,75.0,https://cdn5.wyscout.com/photos/players/public/g264176_100x130.png,1773,2023/2024,2023-08-11,2024-05-19,2023-09-01,2028-06-30,2024-05-13,28291196.930897228
193655,Andrew Robertson,1994-03-11,10,Scotland,10,Scotland,left,178.0,64.0,https://cdn5.wyscout.com/photos/players/public/g254527_100x130.png,1773,2023/2024,2023-08-11,2024-05-19,2021-06-30,2026-06-30,2024-05-13,28263968.859309211
291865,Sander Berge,1998-02-14,100,Norway,100,Norway,right,195.0,96.0,https://cdn5.wyscout.com/photos/players/public/g398474_100x130.png,862,2024/2025,2024-08-16,2025-05-25,2024-08-22,2029-06-30,2025-05-19,28263889.844788618
245735,Yoane Wissa,1996-09-03,191,France,220,Congo DR,right,176.0,74.0,https://cdn5.wyscout.com/photos/players/public/g320030_100x130.png,1773,2023/2024,2023-08-11,2024-05-19,2023-05-04,2026-06-30,2024-05-13,28206847.375212591
342625,Calvin Bassey,1999-12-31,19,England,104,Nigeria,left,185.0,76.0,https://cdn5.wyscout.com/photos/players/public/g453322_100x130.png,862,2024/2025,2024-08-16,2025-05-25,2023-07-28,2027-06-30,2025-05-19,28198558.716606058
435650,Toti Gomes,1999-01-16,179,Guinea-Bissau,85,Portugal,left,187.0,72.0,https://cdn5.wyscout.com/photos/players/public/g-105412_100x130.png,862,2024/2025,2024-08-16,2025-05-25,2024-02-08,2029-06-30,2025-05-19,28179596.533916678
286146,Kalvin Phillips,1995-12-02,19,England,155,Jamaica,right,178.0,72.0,https://cdn5.wyscout.com/photos/players/public/g393692_100x130.png,1773,2023/2024,2023-08-11,2024-05-19,2022-07-04,2028-06-30,2024-01-22,28111547.36938303
396570,Fábio Vieira,2000-05-30,85,Portugal,85,Portugal,left,170.0,63.0,https://cdn5.wyscout.com/photos/players/public/g509320_100x130.png,1773,2023/2024,2023-08-11,2024-05-19,2022-07-01,2027-06-30,2024-05-13,27764756.174905591
285365,Pervis Estupiñán,1998-01-21,201,Ecuador,197,Spain,left,175.0,78.0,https://cdn5.wyscout.com/photos/players/public/g393102_100x130.png,862,2024/2025,2024-08-16,2025-05-25,2022-08-16,2027-06-30,2025-05-19,27724601.440533411
271857,Gabriel Jesus,1997-04-03,234,Brazil,234,Brazil,right,175.0,73.0,https://cdn5.wyscout.com/photos/players/public/g364017_100x130.png,862,2024/2025,2024-08-16,2025-05-25,2022-07-04,2027-06-30,2025-05-19,27689477.362960614
287624,Rodrigo Bentancur,1997-06-25,35,Uruguay,35,Uruguay,right,187.0,73.0,https://cdn5.wyscout.com/photos/players/public/g396178_100x130.png,1773,2023/2024,2023-08-11,2024-05-19,2021-06-30,2026-06-30,2024-05-13,27642181.071956106
308525,Scott McTominay,1996-12-08,19,England,10,Scotland,right,193.0,88.0,https://cdn5.wyscout.com/photos/players/public/g420214_100x130.png,1773,2023/2024,2023-08-11,2024-05-19,2019-06-30,2025-06-30,2024-05-13,27527421.214967724
372369,Jean-Clair Todibo,1999-12-30,173,French Guiana,191,France,right,190.0,88.0,https://cdn5.wyscout.com/photos/players/public/g480539_100x130.png,862,2024/2025,2024-08-16,2025-05-25,2024-08-10,2025-06-30,2025-05-19,27423997.682640828
417444,Anthony Elanga,2002-04-27,57,Sweden,221,Cameroon,right,178.0,75.0,https://cdn5.wyscout.com/photos/players/public/g-81047_100x130.png,1773,2023/2024,2023-08-11,2024-05-19,2023-07-25,2028-06-30,2024-05-13,27309071.369776953
66078,Kevin De Bruyne,1991-06-28,247,Belgium,247,Belgium,right,181.0,75.0,https://cdn5.wyscout.com/photos/players/public/31178_100x130.png,1773,2023/2024,2023-08-11,2024-05-19,2020-06-30,2025-06-30,2024-05-13,27178407.620342039
39174,John Stones,1994-05-28,19,England,19,England,right,188.0,76.0,https://cdn5.wyscout.com/photos/players/public/72741_100x130.png,1773,2023/2024,2023-08-11,2024-05-19,2021-06-30,2026-06-30,2024-05-13,27083439.895408794
361802,Aaron Wan-Bissaka,1997-11-26,19,England,220,Congo DR,right,183.0,72.0,https://cdn5.wyscout.com/photos/players/public/g470717_100x130.png,862,2024/2025,2024-08-16,2025-05-25,2024-08-13,2031-06-30,2025-05-19,26942908.057593022
302653,Takehiro Tomiyasu,1998-11-05,152,Japan,152,Japan,right,188.0,84.0,https://cdn5.wyscout.com/photos/players/public/g413092_100x130.png,1773,2023/2024,2023-08-11,2024-05-19,2024-03-20,2026-06-30,2024-05-13,26866684.836686224
254480,Manuel Akanji,1995-07-19,225,Switzerland,104,Nigeria,right,187.0,91.0,https://cdn5.wyscout.com/photos/players/public/g329229_100x130.png,862,2024/2025,2024-08-16,2025-05-25,2022-09-01,2027-06-30,2025-05-19,26590503.077624727
342429,Jadon Sancho,2000-03-25,19,England,44,Trinidad and Tobago,right,180.0,76.0,https://cdn5.wyscout.com/photos/players/public/g453120_100x130.png,862,2024/2025,2024-08-16,2025-05-25,2024-08-30,2025-06-30,2025-05-19,26576104.388911333
411361,Wesley Fofana,2000-12-17,191,France,222,Côte d'Ivoire,right,186.0,76.0,https://cdn5.wyscout.com/photos/players/public/g-72372_100x130.png,862,2024/2025,2024-08-16,2025-05-25,2022-08-31,2029-06-30,2025-05-19,26552636.742062651
357989,Matt O'Riley,2000-11-21,19,England,204,Denmark,left,189.0,77.0,https://cdn5.wyscout.com/photos/players/public/g467128_100x130.png,862,2024/2025,2024-08-16,2025-05-25,2024-08-26,2029-06-30,2025-05-19,26537193.931799911
95525,Mateo Kovacic,1994-05-06,168,Croatia,168,Croatia,right,177.0,80.0,https://cdn5.wyscout.com/photos/players/public/61892_100x130.png,1773,2023/2024,2023-08-11,2024-05-19,2023-07-01,2027-06-30,2024-05-13,26503011.731625203
365306,Daniel Muñoz,1996-05-26,217,Colombia,217,Colombia,right,181.0,73.0,https://cdn5.wyscout.com/photos/players/public/g473447_100x130.png,862,2024/2025,2024-08-16,2025-05-25,2025-04-18,2028-06-30,2025-05-19,26450007.527301002
297480,Ibrahim Sangaré,1997-12-02,222,Côte d'Ivoire,222,Côte d'Ivoire,right,191.0,77.0,https://cdn5.wyscout.com/photos/players/public/g405071_100x130.png,862,2024/2025,2024-08-16,2025-05-25,2023-09-01,2028-06-30,2025-05-19,26283054.201088957
527168,Carlos Baleba,2004-01-03,221,Cameroon,221,Cameroon,left,179.0,77.0,https://cdn5.wyscout.com/photos/players/public/g-232542_100x130.png,1773,2023/2024,2023-08-11,2024-05-19,2023-08-29,2028-06-30,2024-05-13,26168370.552966595
313196,Ferdi Kadıoğlu,1999-10-07,101,Netherlands,42,Turkey,right,174.0,68.0,https://cdn5.wyscout.com/photos/players/public/g426577_100x130.png,862,2024/2025,2024-08-16,2025-05-25,2024-08-27,2028-06-30,2025-05-19,26160165.226844143
342429,Jadon Sancho,2000-03-25,19,England,44,Trinidad and Tobago,right,180.0,76.0,https://cdn5.wyscout.com/photos/players/public/g453120_100x130.png,1773,2023/2024,2023-08-11,2024-05-19,2021-06-30,2026-06-30,2024-01-08,26121140.439361453
442696,Julio Enciso,2004-01-23,84,Paraguay,84,Paraguay,right,173.0,64.0,https://cdn5.wyscout.com/photos/players/public/g-114712_100x130.png,1773,2023/2024,2023-08-11,2024-05-19,2022-07-01,2026-06-30,2024-05-13,26065147.779443372
513086,Dango Ouattara,2002-02-11,244,Burkina Faso,244,Burkina Faso,left,177.0,71.0,https://cdn5.wyscout.com/photos/players/public/g-211604_100x130.png,1773,2023/2024,2023-08-11,2024-05-19,2023-01-19,2028-06-30,2024-05-13,26022626.684582382
279211,Hee-chan Hwang,1996-01-26,145,Korea Republic,145,Korea Republic,right,177.0,77.0,https://cdn5.wyscout.com/photos/players/public/g382807_100x130.png,1773,2023/2024,2023-08-11,2024-05-19,2023-12-21,2028-06-30,2024-05-13,25980503.214707449
445090,Carney Chukwuemeka,2003-10-20,19,England,104,Nigeria,right,187.0,75.0,https://cdn5.wyscout.com/photos/players/public/g-118018_100x130.png,1773,2023/2024,2023-08-11,2024-05-19,2022-08-04,2028-06-30,2024-05-13,25928580.64780762
435650,Toti Gomes,1999-01-16,179,Guinea-Bissau,85,Portugal,left,187.0,72.0,https://cdn5.wyscout.com/photos/players/public/g-105412_100x130.png,1773,2023/2024,2023-08-11,2024-05-19,2024-02-08,2029-06-30,2024-05-13,25841301.118978448
30739,Virgil van Dijk,1991-07-08,101,Netherlands,60,Suriname,right,193.0,92.0,https://cdn5.wyscout.com/photos/players/public/69128_100x130.png,862,2024/2025,2024-08-16,2025-05-25,2025-04-17,2027-06-30,2025-05-19,25638628.8703346
407850,Simon Adingra,2002-01-01,222,Côte d'Ivoire,222,Côte d'Ivoire,right,175.0,65.0,https://cdn5.wyscout.com/photos/players/public/g-67549_100x130.png,862,2024/2025,2024-08-16,2025-05-25,2022-07-01,2026-06-30,2025-05-19,25638117.04240929
278689,Orel Mangala,1998-03-18,247,Belgium,220,Congo DR,right,178.0,80.0,https://cdn5.wyscout.com/photos/players/public/g381127_100x130.png,1773,2023/2024,2023-08-11,2024-05-19,2022-07-31,2026-06-30,2024-01-29,25560780.948808216
200064,Alex Iwobi,1996-05-03,104,Nigeria,19,England,right,183.0,75.0,https://cdn5.wyscout.com/photos/players/public/g264176_100x130.png,862,2024/2025,2024-08-16,2025-05-25,2023-09-01,2028-06-30,2025-05-19,25534410.40182142
314406,Vitaliy Mykolenko,1999-05-29,37,Ukraine,37,Ukraine,left,180.0,71.0,https://cdn5.wyscout.com/photos/players/public/g427943_100x130.png,862,2024/2025,2024-08-16,2025-05-25,2021-06-30,2026-06-30,2025-05-19,25505312.0513589
343129,Djed Spence,2000-08-09,19,England,155,Jamaica,right,184.0,71.0,https://cdn5.wyscout.com/photos/players/public/g453857_100x130.png,862,2024/2025,2024-08-16,2025-05-25,2024-10-17,2029-06-30,2025-05-19,25438564.713824876
276538,Eddie Nketiah,1999-05-30,19,England,184,Ghana,right,180.0,73.0,https://cdn5.wyscout.com/photos/players/public/g376605_100x130.png,862,2024/2025,2024-08-16,2025-05-25,2024-08-30,2029-06-30,2025-05-19,25405267.372729987
280231,Ben Chilwell,1996-12-21,19,England,97,New Zealand,left,181.0,77.0,https://cdn5.wyscout.com/photos/players/public/g383419_100x130.png,1773,2023/2024,2023-08-11,2024-05-19,2023-04-11,2027-06-30,2024-05-13,25322904.003990427
535689,Alex Scott,2003-08-21,185,Guernsey,19,England,right,178.0,69.0,https://cdn5.wyscout.com/photos/players/public/g-244984_100x130.png,862,2024/2025,2024-08-16,2025-05-25,2023-08-10,2028-06-30,2025-05-19,25271089.659139823
484172,Lesley Ugochukwu,2004-03-26,191,France,104,Nigeria,right,190.0,88.0,https://cdn5.wyscout.com/photos/players/public/g-170962_100x130.png,862,2024/2025,2024-08-16,2025-05-25,2024-08-16,2025-05-31,2025-05-19,25262303.20734771
243026,Tosin Adarabioyo,1997-09-24,19,England,104,Nigeria,right,196.0,80.0,https://cdn5.wyscout.com/photos/players/public/g317349_100x130.png,862,2024/2025,2024-08-16,2025-05-25,2024-07-01,2028-06-30,2025-05-19,25244712.857522026
323975,Matty Cash,1997-08-07,19,England,88,Poland,right,185.0,74.0,https://cdn5.wyscout.com/photos/players/public/g437878_100x130.png,862,2024/2025,2024-08-16,2025-05-25,2022-04-04,2027-06-30,2025-05-19,25138056.041292187
438555,Rodrigo Gomes,2003-07-07,85,Portugal,85,Portugal,right,175.0,69.0,https://cdn5.wyscout.com/photos/players/public/g-109498_100x130.png,862,2024/2025,2024-08-16,2025-05-25,2024-07-01,2029-06-30,2025-05-19,24923948.951633662
343358,Edson Álvarez,1997-10-24,125,Mexico,125,Mexico,right,187.0,73.0,https://cdn5.wyscout.com/photos/players/public/g454119_100x130.png,862,2024/2025,2024-08-16,2025-05-25,2023-08-10,2028-06-30,2025-05-19,24912385.228633095
290470,Kevin Danso,1998-09-19,250,Austria,184,Ghana,right,190.0,85.0,https://cdn5.wyscout.com/photos/players/public/g396792_100x130.png,862,2024/2025,2024-08-16,2025-05-25,2025-02-02,2025-06-30,2025-05-19,24838316.382507864
299094,Richarlison Richarlison,1997-05-10,234,Brazil,234,Brazil,right,184.0,71.0,https://cdn5.wyscout.com/photos/players/public/g407737_100x130.png,862,2024/2025,2024-08-16,2025-05-25,2022-07-01,2027-06-30,2025-05-19,24811127.778695881
276512,Trevoh Chalobah,1999-07-05,68,Sierra Leone,19,England,right,192.0,84.0,https://cdn5.wyscout.com/photos/players/public/g376695_100x130.png,862,2024/2025,2024-08-16,2025-05-25,2024-08-30,2025-05-31,2025-01-13,24755342.629425116
428405,Norberto Beto,1998-01-31,85,Portugal,179,Guinea-Bissau,right,194.0,88.0,https://cdn5.wyscout.com/photos/players/public/g-95538_100x130.png,1773,2023/2024,2023-08-11,2024-05-19,2023-08-29,2027-06-30,2024-05-13,24720583.773814652
222217,Joe Gomez,1997-05-23,19,England,180,The Gambia,right,188.0,77.0,https://cdn5.wyscout.com/photos/players/public/g290182_100x130.png,862,2024/2025,2024-08-16,2025-05-25,2022-07-07,2027-06-30,2025-05-19,24617793.099532679
303876,Leon Bailey,1997-08-09,155,Jamaica,155,Jamaica,left,178.0,77.0,https://cdn5.wyscout.com/photos/players/public/g415585_100x130.png,862,2024/2025,2024-08-16,2025-05-25,2024-02-12,2027-06-30,2025-05-19,24443585.384647872
244891,Wout Faes,1998-04-03,247,Belgium,247,Belgium,right,187.0,84.0,https://cdn5.wyscout.com/photos/players/public/g319386_100x130.png,862,2024/2025,2024-08-16,2025-05-25,2022-09-01,2027-06-30,2025-05-19,24328684.696824376
297480,Ibrahim Sangaré,1997-12-02,222,Côte d'Ivoire,222,Côte d'Ivoire,right,191.0,77.0,https://cdn5.wyscout.com/photos/players/public/g405071_100x130.png,1773,2023/2024,2023-08-11,2024-05-19,2023-09-01,2028-06-30,2024-05-13,24328332.516953863
40790,Jack Grealish,1995-09-10,19,England,161,Ireland,right,180.0,81.0,https://cdn5.wyscout.com/photos/players/public/73563_100x130.png,862,2024/2025,2024-08-16,2025-05-25,2021-06-30,2027-06-30,2025-05-19,24289786.556865633
287080,Mathias Jensen,1996-01-01,204,Denmark,204,Denmark,right,180.0,68.0,https://cdn5.wyscout.com/photos/players/public/g389787_100x130.png,1773,2023/2024,2023-08-11,2024-05-19,2023-01-18,2026-06-30,2024-05-13,24010886.0298502
276539,Joe Willock,1999-08-20,19,England,114,Montserrat,right,179.0,71.0,https://cdn5.wyscout.com/photos/players/public/g376613_100x130.png,862,2024/2025,2024-08-16,2025-05-25,2021-06-30,2027-06-30,2025-05-19,23952237.676742554
302642,Axel Disasi,1998-03-11,191,France,220,Congo DR,right,190.0,86.0,https://cdn5.wyscout.com/photos/players/public/g413277_100x130.png,862,2024/2025,2024-08-16,2025-05-25,2025-02-03,2025-06-30,2025-05-19,23858446.438271362
457963,Lewis Hall,2004-09-08,19,England,19,England,left,179.0,69.0,https://cdn5.wyscout.com/photos/players/public/g-135617_100x130.png,1773,2023/2024,2023-08-11,2024-05-19,2023-08-22,2024-05-31,2024-05-13,23770664.747550212
394457,Dwight McNeil,1999-11-22,19,England,19,England,left,183.0,70.0,https://cdn5.wyscout.com/photos/players/public/g506462_100x130.png,862,2024/2025,2024-08-16,2025-05-25,2022-07-28,2027-06-30,2025-05-19,23729791.658812035
475416,Matheus França,2004-04-01,234,Brazil,234,Brazil,right,182.0,67.0,https://cdn5.wyscout.com/photos/players/public/g-159220_100x130.png,1773,2023/2024,2023-08-11,2024-05-19,2023-08-05,2028-06-30,2024-05-13,23713587.027724542
435583,Jan Paul,2000-06-08,101,Netherlands,101,Netherlands,right,189.0,78.0,https://cdn5.wyscout.com/photos/players/public/g-105319_100x130.png,862,2024/2025,2024-08-16,2025-05-25,2023-12-15,2027-06-30,2025-05-19,23700494.53731665
362318,Lloyd Kelly,1998-10-06,19,England,19,England,left,190.0,86.0,https://cdn5.wyscout.com/photos/players/public/g471131_100x130.png,862,2024/2025,2024-08-16,2025-05-25,2024-07-01,2029-06-30,2025-01-27,23699974.076119646
268462,Rico Henry,1997-07-08,19,England,19,England,left,170.0,66.0,https://cdn5.wyscout.com/photos/players/public/g355641_100x130.png,1773,2023/2024,2023-08-11,2024-05-19,2016-08-31,2026-06-30,2024-05-13,23665784.971975029
151337,Aleksandar Mitrović,1994-09-16,63,Serbia,63,Serbia,right,189.0,90.0,https://cdn5.wyscout.com/photos/players/public/77730_100x130.png,1773,2023/2024,2023-08-11,2024-05-19,2021-06-30,2026-06-30,2023-08-14,23632345.182469815
245008,Taiwo Awoniyi,1997-08-12,104,Nigeria,104,Nigeria,right,183.0,84.0,https://cdn5.wyscout.com/photos/players/public/g319132_100x130.png,1773,2023/2024,2023-08-11,2024-05-19,2022-07-01,2027-06-30,2024-05-13,23600380.08056457
381432,Fábio Carvalho,2002-08-30,85,Portugal,19,England,right,170.0,62.0,https://cdn5.wyscout.com/photos/players/public/g-57208_100x130.png,862,2024/2025,2024-08-16,2025-05-25,2024-08-12,2029-06-30,2025-05-19,23588316.413014695
68705,Carlos Henrique José Casemiro,1992-02-23,234,Brazil,197,Spain,right,185.0,84.0,https://cdn5.wyscout.com/photos/players/public/36900_100x130.png,1773,2023/2024,2023-08-11,2024-05-19,2022-08-22,2026-06-30,2024-05-13,23549635.335968576
484062,Milos Kerkez,2003-11-07,63,Serbia,166,Hungary,left,176.0,71.0,https://cdn5.wyscout.com/photos/players/public/g-170807_100x130.png,1773,2023/2024,2023-08-11,2024-05-19,2023-07-20,2028-06-30,2024-05-13,23541634.636581182
594344,Claudio Echeverri,2006-01-02,257,Argentina,257,Argentina,right,170.0,65.0,https://cdn5.wyscout.com/photos/players/public/g-329222_100x130.png,862,2024/2025,2024-08-16,2025-05-25,2024-01-25,2028-06-30,2025-05-19,23525135.14233892
95525,Mateo Kovacic,1994-05-06,168,Croatia,168,Croatia,right,177.0,80.0,https://cdn5.wyscout.com/photos/players/public/61892_100x130.png,862,2024/2025,2024-08-16,2025-05-25,2023-07-01,2027-06-30,2025-05-19,23517895.247790698
484439,Omari Hutchinson,2003-10-30,19,England,155,Jamaica,left,174.0,67.0,https://cdn5.wyscout.com/photos/players/public/g-171308_100x130.png,862,2024/2025,2024-08-16,2025-05-25,2024-07-01,2029-06-30,2025-05-19,23512318.611512497
391178,James McAtee,2002-10-18,19,England,19,England,left,180.0,72.0,https://cdn5.wyscout.com/photos/players/public/g-60821_100x130.png,1773,2023/2024,2023-08-11,2024-05-19,2023-07-01,2026-06-30,2023-08-28,23477197.971854459
452959,Danilo Danilo,2001-04-29,234,Brazil,234,Brazil,left,176.0,69.0,https://cdn5.wyscout.com/photos/players/public/g-129152_100x130.png,862,2024/2025,2024-08-16,2025-05-25,2023-01-16,2029-06-30,2025-05-19,23379058.6847964
287624,Rodrigo Bentancur,1997-06-25,35,Uruguay,35,Uruguay,right,187.0,73.0,https://cdn5.wyscout.com/photos/players/public/g396178_100x130.png,862,2024/2025,2024-08-16,2025-05-25,2021-06-30,2026-06-30,2025-05-19,23364391.198634606
391983,Antony Matheus Antony,2000-02-24,234,Brazil,234,Brazil,left,174.0,63.0,https://cdn5.wyscout.com/photos/players/public/g-61091_100x130.png,862,2024/2025,2024-08-16,2025-05-25,2022-08-30,2027-06-30,2025-01-20,23295553.262835123
350729,Neco Williams,2001-04-13,8,Wales,8,Wales,right,183.0,72.0,https://cdn5.wyscout.com/photos/players/public/g459370_100x130.png,862,2024/2025,2024-08-16,2025-05-25,2022-07-10,2026-06-30,2025-05-19,23228345.913669713
301581,Antonee Robinson,1997-08-08,19,England,34,United States,left,183.0,73.0,https://cdn5.wyscout.com/photos/players/public/g409164_100x130.png,1773,2023/2024,2023-08-11,2024-05-19,2023-07-07,2028-06-30,2024-05-13,23223147.527037766
323142,Jack Harrison,1996-11-20,19,England,19,England,left,175.0,70.0,https://cdn5.wyscout.com/photos/players/public/g437501_100x130.png,1773,2023/2024,2023-08-11,2024-05-19,2023-08-14,2024-06-30,2024-05-13,23087201.315213889
342609,Kiernan Dewsbury-Hall,1998-09-06,19,England,19,England,left,178.0,70.0,https://cdn5.wyscout.com/photos/players/public/g453305_100x130.png,862,2024/2025,2024-08-16,2025-05-25,2024-07-02,2029-06-30,2025-05-19,23003805.060365617
7092691,Mikey Moore,2007-08-11,19,England,19,England,right,180.0,68.0,https://cdn5.wyscout.com/photos/players/public/g-337676_100x130.png,862,2024/2025,2024-08-16,2025-05-25,2024-08-12,2027-06-30,2025-05-19,22954954.8322545
485102,Wilson Odobert,2004-11-28,191,France,191,France,right,185.0,76.0,https://cdn5.wyscout.com/photos/players/public/g-172213_100x130.png,1773,2023/2024,2023-08-11,2024-05-19,2023-08-12,2028-06-30,2024-05-13,22883196.524670292
396391,Crysencio Summerville,2001-10-30,101,Netherlands,60,Suriname,right,174.0,67.0,https://cdn5.wyscout.com/photos/players/public/g508937_100x130.png,862,2024/2025,2024-08-16,2025-05-25,2024-08-03,2029-06-30,2025-05-19,22775054.200405836
342625,Calvin Bassey,1999-12-31,19,England,104,Nigeria,left,185.0,76.0,https://cdn5.wyscout.com/photos/players/public/g453322_100x130.png,1773,2023/2024,2023-08-11,2024-05-19,2023-07-28,2027-06-30,2024-05-13,22726565.369910173
244910,Tomas Soucek,1995-02-27,208,Czech Republic,208,Czech Republic,right,192.0,86.0,https://cdn5.wyscout.com/photos/players/public/g319365_100x130.png,862,2024/2025,2024-08-16,2025-05-25,2024-01-01,2027-06-30,2025-05-19,22647215.788513109
291630,Vitaly Janelt,1998-05-10,207,Germany,207,Germany,left,184.0,79.0,https://cdn5.wyscout.com/photos/players/public/g400419_100x130.png,1773,2023/2024,2023-08-11,2024-05-19,2022-04-01,2026-06-30,2024-05-13,22603879.996795312
358115,James Garner,2001-03-13,19,England,19,England,right,182.0,78.0,https://cdn5.wyscout.com/photos/players/public/g467164_100x130.png,862,2024/2025,2024-08-16,2025-05-25,2022-09-01,2027-06-30,2025-05-19,22469064.319533244
362282,Nicolò Zaniolo,1999-07-02,156,Italy,156,Italy,left,190.0,79.0,https://cdn5.wyscout.com/photos/players/public/g471102_100x130.png,1773,2023/2024,2023-08-11,2024-05-19,2023-08-18,2024-06-30,2024-05-13,22386549.490474019
156981,Nathan Aké,1995-02-18,101,Netherlands,222,Côte d'Ivoire,left,180.0,75.0,https://cdn5.wyscout.com/photos/players/public/68852_100x130.png,862,2024/2025,2024-08-16,2025-05-25,2023-07-29,2027-06-30,2025-05-19,22263360.387871351
291865,Sander Berge,1998-02-14,100,Norway,100,Norway,right,195.0,96.0,https://cdn5.wyscout.com/photos/players/public/g398474_100x130.png,1773,2023/2024,2023-08-11,2024-05-19,2023-08-09,2027-06-30,2024-05-13,22213157.9299435
505978,Renato Veiga,2003-07-29,85,Portugal,85,Portugal,left,190.0,82.0,https://cdn5.wyscout.com/photos/players/public/g-201874_100x130.png,862,2024/2025,2024-08-16,2025-05-25,2024-07-12,2031-06-30,2025-01-20,22183942.334225088
289804,Donyell Malen,1999-01-19,101,Netherlands,60,Suriname,right,176.0,68.0,https://cdn5.wyscout.com/photos/players/public/g399771_100x130.png,862,2024/2025,2024-08-16,2025-05-25,2025-01-13,2025-08-11,2025-05-19,22101734.647105958
310287,Marcus Tavernier,1999-03-22,19,England,19,England,left,177.0,70.0,https://cdn5.wyscout.com/photos/players/public/g423982_100x130.png,1773,2023/2024,2023-08-11,2024-05-19,2023-06-16,2028-06-30,2024-05-13,21997011.434481278
246100,Adam Armstrong,1997-02-10,19,England,19,England,right,172.0,69.0,https://cdn5.wyscout.com/photos/players/public/g320280_100x130.png,862,2024/2025,2024-08-16,2025-05-25,2024-07-19,2027-06-30,2025-01-27,21967984.438506588
442696,Julio Enciso,2004-01-23,84,Paraguay,84,Paraguay,right,173.0,64.0,https://cdn5.wyscout.com/photos/players/public/g-114712_100x130.png,862,2024/2025,2024-08-16,2025-05-25,2025-01-23,2025-06-30,2025-05-19,21849726.055460691
54868,Kurt Zouma,1994-10-27,191,France,228,Central African Republic,right,190.0,95.0,https://cdn5.wyscout.com/photos/players/public/69151_100x130.png,1773,2023/2024,2023-08-11,2024-05-19,2021-06-30,2025-06-30,2024-05-13,21840778.434156559
310287,Marcus Tavernier,1999-03-22,19,England,19,England,left,177.0,70.0,https://cdn5.wyscout.com/photos/players/public/g423982_100x130.png,862,2024/2025,2024-08-16,2025-05-25,2023-06-16,2028-06-30,2025-05-19,21659374.578323081
318247,Marcos Senesi,1997-05-10,257,Argentina,156,Italy,left,185.0,75.0,https://cdn5.wyscout.com/photos/players/public/g432117_100x130.png,1773,2023/2024,2023-08-11,2024-05-19,2022-08-08,2026-06-30,2024-05-13,21491622.158377983
456874,Oscar Bobb,2003-07-12,100,Norway,180,The Gambia,left,172.0,65.0,https://cdn5.wyscout.com/photos/players/public/g-134230_100x130.png,862,2024/2025,2024-08-16,2025-05-25,2024-02-26,2029-06-30,2025-05-19,21401163.599226665
290899,Jean-Philippe Mateta,1997-06-28,191,France,220,Congo DR,right,190.0,84.0,https://cdn5.wyscout.com/photos/players/public/g395193_100x130.png,1773,2023/2024,2023-08-11,2024-05-19,2021-06-30,2026-06-30,2024-05-13,21347719.347324636
447965,Igor Thiago,2001-06-26,234,Brazil,242,Bulgaria,right,191.0,88.0,https://cdn5.wyscout.com/photos/players/public/g-122144_100x130.png,862,2024/2025,2024-08-16,2025-05-25,2024-07-01,2029-06-30,2025-05-19,21325478.638182618
318268,Konstantinos Mavropanos,1997-12-11,177,Greece,177,Greece,right,194.0,89.0,https://cdn5.wyscout.com/photos/players/public/g431967_100x130.png,1773,2023/2024,2023-08-11,2024-05-19,2023-08-22,2028-06-30,2024-05-13,21297828.803457268
292128,Tyler Adams,1999-02-14,34,United States,34,United States,right,175.0,72.0,https://cdn5.wyscout.com/photos/players/public/g400878_100x130.png,862,2024/2025,2024-08-16,2025-05-25,2023-08-20,2028-06-30,2025-05-19,21194297.003200546
428405,Norberto Beto,1998-01-31,85,Portugal,179,Guinea-Bissau,right,194.0,88.0,https://cdn5.wyscout.com/photos/players/public/g-95538_100x130.png,862,2024/2025,2024-08-16,2025-05-25,2023-08-29,2027-06-30,2025-05-19,21192061.257221732
251382,Dominic Calvert-Lewin,1997-03-16,19,England,19,England,right,187.0,74.0,https://cdn5.wyscout.com/photos/players/public/g326320_100x130.png,1773,2023/2024,2023-08-11,2024-05-19,2019-06-30,2025-06-30,2024-05-13,21178410.558419339
251381,Jacob Murphy,1995-02-24,19,England,161,Ireland,right,179.0,74.0,https://cdn5.wyscout.com/photos/players/public/g326321_100x130.png,862,2024/2025,2024-08-16,2025-05-25,2021-06-30,2027-06-30,2025-05-19,21175333.056846809
616175,Romain Esse,2005-05-13,19,England,161,Ireland,right,178.0,65.0,https://cdn5.wyscout.com/photos/players/public/g-360084_100x130.png,862,2024/2025,2024-08-16,2025-05-25,2025-01-18,2030-06-30,2025-05-19,21104904.569146559
44554,Heung-min Son,1992-07-08,145,Korea Republic,145,Korea Republic,both,183.0,78.0,https://cdn5.wyscout.com/photos/players/public/54787_100x130.png,862,2024/2025,2024-08-16,2025-05-25,2025-01-07,2026-06-30,2025-05-19,21065433.695251077
447310,Jaden Philogene,2002-02-08,19,England,205,Dominica,right,179.0,67.0,https://cdn5.wyscout.com/photos/players/public/g-121255_100x130.png,862,2024/2025,2024-08-16,2025-05-25,2025-01-15,2029-06-30,2025-05-19,21061496.220493995
245747,Issa Diop,1997-01-09,191,France,74,Senegal,right,194.0,92.0,https://cdn5.wyscout.com/photos/players/public/g320103_100x130.png,1773,2023/2024,2023-08-11,2024-05-19,2022-08-10,2027-06-30,2024-05-13,21019648.4145981
266530,Kristoffer Ajer,1998-04-17,100,Norway,100,Norway,right,196.0,84.0,https://cdn5.wyscout.com/photos/players/public/g347247_100x130.png,1773,2023/2024,2023-08-11,2024-05-19,2023-11-21,2030-06-30,2024-05-13,20953624.768126484
377574,Billy Gilmour,2001-06-11,10,Scotland,10,Scotland,right,170.0,66.0,https://cdn5.wyscout.com/photos/players/public/g486637_100x130.png,862,2024/2025,2024-08-16,2025-05-25,2022-09-01,2026-06-30,2024-08-26,20567851.562076263
406868,Ian Maatsen,2002-03-10,101,Netherlands,60,Suriname,left,178.0,57.0,https://cdn5.wyscout.com/photos/players/public/g-66199_100x130.png,1773,2023/2024,2023-08-11,2024-05-19,2023-10-19,2025-06-30,2024-01-08,20534126.812992975
345431,Callum Hudson-Odoi,2000-11-07,19,England,184,Ghana,right,178.0,76.0,https://cdn5.wyscout.com/photos/players/public/g455314_100x130.png,1773,2023/2024,2023-08-11,2024-05-19,2023-09-01,2026-06-30,2024-05-13,20521043.677330922
377574,Billy Gilmour,2001-06-11,10,Scotland,10,Scotland,right,170.0,66.0,https://cdn5.wyscout.com/photos/players/public/g486637_100x130.png,1773,2023/2024,2023-08-11,2024-05-19,2022-09-01,2026-06-30,2024-05-13,20418187.429534543
458096,Yegor Yarmolyuk,2004-03-01,37,Ukraine,37,Ukraine,right,180.0,72.0,https://cdn5.wyscout.com/photos/players/public/g-135766_100x130.png,862,2024/2025,2024-08-16,2025-05-25,2023-06-29,2028-06-30,2025-05-19,20407882.217945736
383999,Hamed Traoré,2000-02-16,222,Côte d'Ivoire,222,Côte d'Ivoire,right,177.0,77.0,https://cdn5.wyscout.com/photos/players/public/g495017_100x130.png,1773,2023/2024,2023-08-11,2024-05-19,2023-01-31,2028-06-30,2024-01-15,20325795.409288198
208774,Andreas Pereira,1996-01-01,247,Belgium,234,Brazil,right,178.0,70.0,https://cdn5.wyscout.com/photos/players/public/78533_100x130.png,1773,2023/2024,2023-08-11,2024-05-19,2022-07-11,2026-06-30,2024-05-13,20250207.693376753
519236,Victor Kristiansen,2002-12-16,204,Denmark,204,Denmark,left,181.0,72.0,https://cdn5.wyscout.com/photos/players/public/g-220092_100x130.png,862,2024/2025,2024-08-16,2025-05-25,2023-01-20,2028-06-30,2025-05-19,20145193.732119322
476440,Carlos Alcaraz,2002-11-30,257,Argentina,257,Argentina,right,183.0,68.0,https://cdn5.wyscout.com/photos/players/public/g-160590_100x130.png,862,2024/2025,2024-08-16,2025-05-25,2023-10-06,2028-06-30,2024-08-26,20014045.643404353
396568,Fábio Silva,2002-07-19,85,Portugal,85,Portugal,right,185.0,75.0,https://cdn5.wyscout.com/photos/players/public/g509309_100x130.png,1773,2023/2024,2023-08-11,2024-05-19,2020-09-05,2026-06-30,2023-12-25,19969514.861148484
437929,Jake O'Brien,2001-05-15,161,Ireland,161,Ireland,right,197.0,80.0,https://cdn5.wyscout.com/photos/players/public/g-108653_100x130.png,862,2024/2025,2024-08-16,2025-05-25,2024-07-30,2028-06-30,2025-05-19,19898189.630594306
157346,Aymeric Laporte,1994-05-27,191,France,197,Spain,left,189.0,85.0,https://cdn5.wyscout.com/photos/players/public/69027_100x130.png,1773,2023/2024,2023-08-11,2024-05-19,2018-06-30,2025-06-30,2023-08-21,19782782.924777385
342306,Max Aarons,2000-01-04,19,England,155,Jamaica,right,171.0,69.0,https://cdn5.wyscout.com/photos/players/public/g452989_100x130.png,1773,2023/2024,2023-08-11,2024-05-19,2023-08-10,2029-06-30,2024-05-13,19727847.011136703
457457,Jacob Greaves,2000-09-12,19,England,19,England,left,193.0,86.0,https://cdn5.wyscout.com/photos/players/public/g-134973_100x130.png,862,2024/2025,2024-08-16,2025-05-25,2024-07-12,2029-06-30,2025-05-19,19655974.227855112
415564,Felipe Morato,2001-06-30,234,Brazil,234,Brazil,left,192.0,88.0,https://cdn5.wyscout.com/photos/players/public/g-78299_100x130.png,862,2024/2025,2024-08-16,2025-05-25,2024-08-30,2029-06-30,2025-05-19,19644985.169229969
437015,Leif Davis,1999-12-31,19,England,19,England,left,180.0,70.0,https://cdn5.wyscout.com/photos/players/public/g-107190_100x130.png,862,2024/2025,2024-08-16,2025-05-25,2024-10-21,2028-06-30,2025-05-19,19638597.584503755
308450,Reiss Nelson,1999-12-10,19,England,155,Jamaica,right,175.0,71.0,https://cdn5.wyscout.com/photos/players/public/g420816_100x130.png,1773,2023/2024,2023-08-11,2024-05-19,2023-06-06,2027-06-30,2024-05-13,19587244.116111942
395369,Chris Richards,2000-03-28,34,United States,34,United States,right,188.0,87.0,https://cdn5.wyscout.com/photos/players/public/g507718_100x130.png,1773,2023/2024,2023-08-11,2024-05-19,2022-07-27,2027-06-30,2024-05-13,19581781.450605467
258327,Lewis Cook,1997-02-03,19,England,19,England,right,175.0,71.0,https://cdn5.wyscout.com/photos/players/public/g335184_100x130.png,862,2024/2025,2024-08-16,2025-05-25,2024-07-04,2028-06-30,2025-05-19,19566733.498026982
308340,Jean-Ricner Bellegarde,1998-06-27,191,France,167,Haiti,right,172.0,70.0,https://cdn5.wyscout.com/photos/players/public/g420786_100x130.png,862,2024/2025,2024-08-16,2025-05-25,2023-09-01,2028-06-30,2025-05-19,19504674.881716754
344143,Jesper Lindstrøm,2000-02-29,204,Denmark,204,Denmark,right,182.0,66.0,https://cdn5.wyscout.com/photos/players/public/g-44789_100x130.png,862,2024/2025,2024-08-16,2025-05-25,2024-07-26,2025-06-30,2025-05-19,19495728.112516403
447310,Jaden Philogene,2002-02-08,19,England,205,Dominica,right,179.0,67.0,https://cdn5.wyscout.com/photos/players/public/g-121255_100x130.png,862,2024/2025,2024-08-16,2025-05-25,2024-07-19,2029-06-30,2025-01-13,19472475.480361678
171936,Timo Werner,1996-03-06,207,Germany,207,Germany,right,180.0,75.0,https://cdn5.wyscout.com/photos/players/public/g242778_100x130.png,1773,2023/2024,2023-08-11,2024-05-19,2024-01-09,2024-06-30,2024-05-13,19378087.112270553
394360,Bryan Gil,2001-02-11,197,Spain,197,Spain,left,175.0,65.0,https://cdn5.wyscout.com/photos/players/public/g506400_100x130.png,1773,2023/2024,2023-08-11,2024-05-19,2021-06-30,2026-06-30,2024-05-13,19286538.299299791
342989,Federico Chiesa,1997-10-25,156,Italy,156,Italy,right,176.0,70.0,https://cdn5.wyscout.com/photos/players/public/g453705_100x130.png,862,2024/2025,2024-08-16,2025-05-25,2024-08-29,2028-06-30,2025-05-19,19265314.042116497
242782,Saïd Benrahma,1995-08-10,202,Algeria,191,France,right,172.0,67.0,https://cdn5.wyscout.com/photos/players/public/g316494_100x130.png,1773,2023/2024,2023-08-11,2024-05-19,2020-06-30,2026-06-30,2024-01-29,19208806.380047269
395369,Chris Richards,2000-03-28,34,United States,34,United States,right,188.0,87.0,https://cdn5.wyscout.com/photos/players/public/g507718_100x130.png,862,2024/2025,2024-08-16,2025-05-25,2022-07-27,2027-06-30,2025-05-19,18983607.326559335
320457,Igor Julio,1998-02-07,234,Brazil,234,Brazil,left,185.0,84.0,https://cdn5.wyscout.com/photos/players/public/g433270_100x130.png,862,2024/2025,2024-08-16,2025-05-25,2023-07-26,2027-06-30,2025-05-19,18961854.526048318
411080,Antoine Semenyo,2000-01-07,19,England,184,Ghana,right,185.0,79.0,https://cdn5.wyscout.com/photos/players/public/g-71991_100x130.png,1773,2023/2024,2023-08-11,2024-05-19,2023-01-27,2027-06-30,2024-05-13,18848865.399438363
7088834,Elliot Anderson,2002-11-06,19,England,10,Scotland,right,179.0,63.0,https://cdn5.wyscout.com/photos/players/public/g414655_100x130.png,1773,2023/2024,2023-08-11,2024-05-19,2022-09-21,2026-06-30,2024-05-13,18845022.087234981
368875,Nicolás Domínguez,1998-06-28,257,Argentina,156,Italy,right,179.0,73.0,https://cdn5.wyscout.com/photos/players/public/g477166_100x130.png,862,2024/2025,2024-08-16,2025-05-25,2023-09-01,2028-06-30,2025-05-19,18814722.072116449
274973,Konstantinos Tsimikas,1996-05-12,177,Greece,177,Greece,left,179.0,68.0,https://cdn5.wyscout.com/photos/players/public/g372317_100x130.png,1773,2023/2024,2023-08-11,2024-05-19,2023-09-25,2027-06-30,2024-05-13,18556395.033413623
320457,Igor Julio,1998-02-07,234,Brazil,234,Brazil,left,185.0,84.0,https://cdn5.wyscout.com/photos/players/public/g433270_100x130.png,1773,2023/2024,2023-08-11,2024-05-19,2023-07-26,2027-06-30,2024-05-13,18445884.128344726
543090,Alejo Veliz,2003-09-19,257,Argentina,257,Argentina,right,187.0,77.0,https://cdn5.wyscout.com/photos/players/public/g-256253_100x130.png,1773,2023/2024,2023-08-11,2024-05-19,2023-08-08,2029-06-30,2024-01-29,18317730.048687775
286146,Kalvin Phillips,1995-12-02,19,England,155,Jamaica,right,178.0,72.0,https://cdn5.wyscout.com/photos/players/public/g393692_100x130.png,1773,2023/2024,2023-08-11,2024-05-19,2024-01-26,2024-06-30,2024-05-13,18224957.255848646
402740,Nathan Patterson,2001-10-16,10,Scotland,10,Scotland,right,183.0,72.0,https://cdn5.wyscout.com/photos/players/public/g517643_100x130.png,1773,2023/2024,2023-08-11,2024-05-19,2021-06-30,2027-06-30,2024-05-13,18190016.395033062
459761,Emmanuel Agbadou,1997-06-17,222,Côte d'Ivoire,222,Côte d'Ivoire,right,192.0,80.0,https://cdn5.wyscout.com/photos/players/public/g-138145_100x130.png,862,2024/2025,2024-08-16,2025-05-25,2025-01-09,2029-06-30,2025-05-19,18160834.813046146
220428,Jefferson Lerma,1994-10-25,217,Colombia,217,Colombia,right,179.0,70.0,https://cdn5.wyscout.com/photos/players/public/g288830_100x130.png,1773,2023/2024,2023-08-11,2024-05-19,2023-07-01,2026-06-30,2024-05-13,18039279.068463445
308450,Reiss Nelson,1999-12-10,19,England,155,Jamaica,right,175.0,71.0,https://cdn5.wyscout.com/photos/players/public/g420816_100x130.png,862,2024/2025,2024-08-16,2025-05-25,2024-08-30,2025-06-30,2025-05-19,18027913.725871496
308450,Reiss Nelson,1999-12-10,19,England,155,Jamaica,right,175.0,71.0,https://cdn5.wyscout.com/photos/players/public/g420816_100x130.png,862,2024/2025,2024-08-16,2025-05-25,2023-06-06,2027-06-30,2024-08-26,17993925.538708862
308525,Scott McTominay,1996-12-08,19,England,10,Scotland,right,193.0,88.0,https://cdn5.wyscout.com/photos/players/public/g420214_100x130.png,862,2024/2025,2024-08-16,2025-05-25,2019-06-30,2025-06-30,2024-08-26,17966970.607151937
318268,Konstantinos Mavropanos,1997-12-11,177,Greece,177,Greece,right,194.0,89.0,https://cdn5.wyscout.com/photos/players/public/g431967_100x130.png,862,2024/2025,2024-08-16,2025-05-25,2023-08-22,2028-06-30,2025-05-19,17909704.133730527
251381,Jacob Murphy,1995-02-24,19,England,161,Ireland,right,179.0,74.0,https://cdn5.wyscout.com/photos/players/public/g326321_100x130.png,1773,2023/2024,2023-08-11,2024-05-19,2021-06-30,2027-06-30,2024-05-13,17902072.310857922
350729,Neco Williams,2001-04-13,8,Wales,8,Wales,right,183.0,72.0,https://cdn5.wyscout.com/photos/players/public/g459370_100x130.png,1773,2023/2024,2023-08-11,2024-05-19,2022-07-10,2026-06-30,2024-05-13,17894431.530793611
440073,Keane Lewis-Potter,2001-02-22,19,England,19,England,right,170.0,66.0,https://cdn5.wyscout.com/photos/players/public/g-111468_100x130.png,1773,2023/2024,2023-08-11,2024-05-19,2022-07-12,2028-06-30,2024-05-13,17858539.685977891
368875,Nicolás Domínguez,1998-06-28,257,Argentina,156,Italy,right,179.0,73.0,https://cdn5.wyscout.com/photos/players/public/g477166_100x130.png,1773,2023/2024,2023-08-11,2024-05-19,2023-09-01,2028-06-30,2024-05-13,17801256.106518343
213830,Solly March,1994-07-20,19,England,19,England,left,180.0,72.0,https://cdn5.wyscout.com/photos/players/public/g280521_100x130.png,1773,2023/2024,2023-08-11,2024-05-19,2013-07-01,2026-06-30,2024-05-13,17760750.189453483
277654,Anel Ahmedhodzic,1999-03-26,57,Sweden,239,Bosnia and Herzegovina,right,190.0,84.0,https://cdn5.wyscout.com/photos/players/public/g377453_100x130.png,1773,2023/2024,2023-08-11,2024-05-19,2022-07-06,2026-06-30,2024-05-13,17718444.414379533
309523,Dara O'Shea,1999-03-04,161,Ireland,161,Ireland,right,188.0,74.0,https://cdn5.wyscout.com/photos/players/public/g421860_100x130.png,862,2024/2025,2024-08-16,2025-05-25,2024-08-25,2029-06-30,2025-05-19,17659856.91000995
345431,Callum Hudson-Odoi,2000-11-07,19,England,184,Ghana,right,178.0,76.0,https://cdn5.wyscout.com/photos/players/public/g455314_100x130.png,862,2024/2025,2024-08-16,2025-05-25,2023-09-01,2026-06-30,2025-05-19,17628266.77032499
393354,Lyle Foster,2000-09-03,4,South Africa,4,South Africa,right,185.0,82.0,https://cdn5.wyscout.com/photos/players/public/g505193_100x130.png,1773,2023/2024,2023-08-11,2024-05-19,2023-10-26,2028-06-30,2024-05-13,17567284.3861201
235705,Enes Ünal,1997-05-10,42,Turkey,42,Turkey,right,187.0,75.0,https://cdn5.wyscout.com/photos/players/public/g304929_100x130.png,1773,2023/2024,2023-08-11,2024-05-19,2024-02-01,2024-06-30,2024-05-13,17556726.327458788
274973,Konstantinos Tsimikas,1996-05-12,177,Greece,177,Greece,left,179.0,68.0,https://cdn5.wyscout.com/photos/players/public/g372317_100x130.png,862,2024/2025,2024-08-16,2025-05-25,2023-09-25,2027-06-30,2025-05-19,17376958.828050051
453024,Zeki Amdouni,2000-12-04,225,Switzerland,43,Tunisia,both,185.0,79.0,https://cdn5.wyscout.com/photos/players/public/g-129260_100x130.png,1773,2023/2024,2023-08-11,2024-05-19,2023-07-19,2028-06-30,2024-05-13,17375339.9311469
186424,Miguel Almirón,1994-02-10,84,Paraguay,84,Paraguay,left,174.0,70.0,https://cdn5.wyscout.com/photos/players/public/g247878_100x130.png,1773,2023/2024,2023-08-11,2024-05-19,2023-02-24,2026-06-30,2024-05-13,17290483.144090846
227011,Timothy Castagne,1995-12-05,247,Belgium,247,Belgium,right,185.0,80.0,https://cdn5.wyscout.com/photos/players/public/g297445_100x130.png,1773,2023/2024,2023-08-11,2024-05-19,2023-08-29,2027-06-30,2024-05-13,17198989.442817852
390586,Cameron Archer,2001-12-09,19,England,19,England,right,175.0,72.0,https://cdn5.wyscout.com/photos/players/public/g501933_100x130.png,1773,2023/2024,2023-08-11,2024-05-19,2023-08-27,2027-06-30,2024-05-13,17146262.838947512
266530,Kristoffer Ajer,1998-04-17,100,Norway,100,Norway,right,196.0,84.0,https://cdn5.wyscout.com/photos/players/public/g347247_100x130.png,862,2024/2025,2024-08-16,2025-05-25,2023-11-21,2030-06-30,2025-05-19,17066082.94336652
355431,Emerson Royal,1999-01-14,234,Brazil,197,Spain,right,183.0,79.0,https://cdn5.wyscout.com/photos/players/public/g464313_100x130.png,1773,2023/2024,2023-08-11,2024-05-19,2021-06-30,2026-06-30,2024-05-13,17053649.446370859
361802,Aaron Wan-Bissaka,1997-11-26,19,England,220,Congo DR,right,183.0,72.0,https://cdn5.wyscout.com/photos/players/public/g470717_100x130.png,1773,2023/2024,2023-08-11,2024-05-19,2024-01-04,2025-06-30,2024-05-13,17020434.601464391
374576,Flynn Downes,1999-01-20,19,England,19,England,right,178.0,70.0,https://cdn5.wyscout.com/photos/players/public/g482768_100x130.png,862,2024/2025,2024-08-16,2025-05-25,2024-07-16,2028-06-30,2025-05-19,17017964.374263395
374189,Jordan Beyer,2000-05-19,207,Germany,207,Germany,right,187.0,80.0,https://cdn5.wyscout.com/photos/players/public/g482282_100x130.png,1773,2023/2024,2023-08-11,2024-05-19,2023-07-01,2027-06-30,2024-05-13,16956832.022022527
7092009,Mathis Amougou,2006-01-18,191,France,191,France,right,177.0,67.0,https://cdn5.wyscout.com/photos/players/public/g-299233_100x130.png,862,2024/2025,2024-08-16,2025-05-25,2025-02-03,2033-06-30,2025-05-19,16920956.79705371
353027,Gustavo Hamer,1997-06-24,234,Brazil,101,Netherlands,right,169.0,61.0,https://cdn5.wyscout.com/photos/players/public/g461786_100x130.png,1773,2023/2024,2023-08-11,2024-05-19,2023-08-12,2027-06-30,2024-05-13,16897392.698338818
390586,Cameron Archer,2001-12-09,19,England,19,England,right,175.0,72.0,https://cdn5.wyscout.com/photos/players/public/g501933_100x130.png,862,2024/2025,2024-08-16,2025-05-25,2024-08-16,2028-06-30,2025-05-19,16860709.70351205
203771,Adam Webster,1995-01-04,19,England,19,England,right,190.0,75.0,https://cdn5.wyscout.com/photos/players/public/g34303_100x130.png,1773,2023/2024,2023-08-11,2024-05-19,2021-06-30,2026-06-30,2024-05-13,16788120.278727226
189089,Thomas Partey,1993-06-13,184,Ghana,184,Ghana,right,185.0,77.0,https://cdn5.wyscout.com/photos/players/public/g250434_100x130.png,1773,2023/2024,2023-08-11,2024-05-19,2020-10-04,2026-06-29,2024-05-13,16711790.199801421
37975,Luke Shaw,1995-07-12,19,England,19,England,left,181.0,75.0,https://cdn5.wyscout.com/photos/players/public/g209805_100x130.png,862,2024/2025,2024-08-16,2025-05-25,2023-04-04,2027-06-30,2025-05-19,16702242.027890766
476440,Carlos Alcaraz,2002-11-30,257,Argentina,257,Argentina,right,183.0,68.0,https://cdn5.wyscout.com/photos/players/public/g-160590_100x130.png,862,2024/2025,2024-08-16,2025-05-25,2025-02-03,2025-06-30,2025-05-19,16679032.78786063
120167,Wataru Endo,1993-02-09,152,Japan,152,Japan,right,178.0,77.0,https://cdn5.wyscout.com/photos/players/public/57618_100x130.png,1773,2023/2024,2023-08-11,2024-05-19,2023-08-18,2027-06-30,2024-05-13,16626141.353221498
193655,Andrew Robertson,1994-03-11,10,Scotland,10,Scotland,left,178.0,64.0,https://cdn5.wyscout.com/photos/players/public/g254527_100x130.png,862,2024/2025,2024-08-16,2025-05-25,2021-06-30,2026-06-30,2025-05-19,16623528.321580915
324999,Luis Sinisterra,1999-06-17,217,Colombia,217,Colombia,right,172.0,70.0,https://cdn5.wyscout.com/photos/players/public/g440448_100x130.png,1773,2023/2024,2023-08-11,2024-05-19,2023-09-01,2024-05-31,2024-05-13,16446249.573801847
374342,Jota Silva,1999-08-01,85,Portugal,85,Portugal,right,179.0,73.0,https://cdn5.wyscout.com/photos/players/public/g482462_100x130.png,862,2024/2025,2024-08-16,2025-05-25,2024-08-01,2028-06-30,2025-05-19,16430663.762586543
308340,Jean-Ricner Bellegarde,1998-06-27,191,France,167,Haiti,right,172.0,70.0,https://cdn5.wyscout.com/photos/players/public/g420786_100x130.png,1773,2023/2024,2023-08-11,2024-05-19,2023-09-01,2028-06-30,2024-05-13,16414188.352905495
452002,Cesare Casadei,2003-01-10,156,Italy,156,Italy,right,185.0,77.0,https://cdn5.wyscout.com/photos/players/public/g-127801_100x130.png,1773,2023/2024,2023-08-11,2024-05-19,2022-08-19,2028-06-30,2024-05-13,16322920.29343247
415780,Aaron Ramsey,2003-01-21,19,England,19,England,right,180.0,72.0,https://cdn5.wyscout.com/photos/players/public/g-78600_100x130.png,1773,2023/2024,2023-08-11,2024-05-19,2023-08-22,2028-06-30,2024-05-13,16278619.780735295
533917,Issahaku Fatawu,2004-03-08,184,Ghana,184,Ghana,left,177.0,73.0,https://cdn5.wyscout.com/photos/players/public/g-242399_100x130.png,862,2024/2025,2024-08-16,2025-05-25,2024-07-01,2029-06-30,2025-05-19,16226478.545375757
7086990,Marc Guiu,2006-01-04,197,Spain,197,Spain,right,187.0,77.0,https://cdn5.wyscout.com/photos/players/public/g-283103_100x130.png,862,2024/2025,2024-08-16,2025-05-25,2024-07-01,2029-06-30,2025-05-19,16207785.017526696
474973,Valentín Barco,2004-07-23,257,Argentina,257,Argentina,left,172.0,64.0,https://cdn5.wyscout.com/photos/players/public/g-158509_100x130.png,1773,2023/2024,2023-08-11,2024-05-19,2024-01-20,2028-06-30,2024-05-13,16204490.325839415
195007,John McGinn,1994-10-18,10,Scotland,10,Scotland,left,178.0,68.0,https://cdn5.wyscout.com/photos/players/public/g256156_100x130.png,862,2024/2025,2024-08-16,2025-05-25,2018-08-08,2027-06-30,2025-05-19,16193698.731086727
242283,Harry Wilson,1997-03-22,8,Wales,19,England,left,173.0,70.0,https://cdn5.wyscout.com/photos/players/public/g316312_100x130.png,1773,2023/2024,2023-08-11,2024-05-19,2021-06-30,2026-06-30,2024-05-13,16169032.421546409
515772,David Datro Fofana,2002-12-22,222,Côte d'Ivoire,222,Côte d'Ivoire,right,180.0,85.0,https://cdn5.wyscout.com/photos/players/public/g-215603_100x130.png,1773,2023/2024,2023-08-11,2024-05-19,2024-01-13,2024-05-31,2024-05-13,16160774.394520549
323142,Jack Harrison,1996-11-20,19,England,19,England,left,175.0,70.0,https://cdn5.wyscout.com/photos/players/public/g437501_100x130.png,862,2024/2025,2024-08-16,2025-05-25,2024-06-24,2025-06-30,2025-05-19,16154363.413784845
259022,Philip Billing,1996-06-11,204,Denmark,104,Nigeria,left,193.0,83.0,https://cdn5.wyscout.com/photos/players/public/g335778_100x130.png,1773,2023/2024,2023-08-11,2024-05-19,2023-08-21,2027-06-30,2024-05-13,16089156.394907895
313197,Justin Kluivert,1999-05-05,101,Netherlands,60,Suriname,both,172.0,66.0,https://cdn5.wyscout.com/photos/players/public/g426578_100x130.png,1773,2023/2024,2023-08-11,2024-05-19,2023-07-01,2028-06-30,2024-05-13,16065886.106146973
318733,Yves Bissouma,1996-08-30,222,Côte d'Ivoire,122,Mali,right,182.0,80.0,https://cdn5.wyscout.com/photos/players/public/g432255_100x130.png,862,2024/2025,2024-08-16,2025-05-25,2022-07-01,2026-06-30,2025-05-19,16050874.317893576
200064,Alex Iwobi,1996-05-03,104,Nigeria,19,England,right,183.0,75.0,https://cdn5.wyscout.com/photos/players/public/g264176_100x130.png,1773,2023/2024,2023-08-11,2024-05-19,2019-06-30,2024-06-30,2023-08-28,16048048.232258026
33524,Raphaël Varane,1993-04-25,191,France,113,Martinique,right,191.0,81.0,https://cdn5.wyscout.com/photos/players/public/60351_100x130.png,1773,2023/2024,2023-08-11,2024-05-19,2021-06-30,2025-06-30,2024-05-13,16034644.152050652
505485,Chadi Riad,2003-06-17,197,Spain,130,Morocco,left,187.0,77.0,https://cdn5.wyscout.com/photos/players/public/g-201213_100x130.png,862,2024/2025,2024-08-16,2025-05-25,2024-07-02,2029-06-30,2025-05-19,15931537.101636028
475577,Youssef Chermiti,2004-05-24,85,Portugal,43,Tunisia,right,192.0,81.0,https://cdn5.wyscout.com/photos/players/public/g-159443_100x130.png,1773,2023/2024,2023-08-11,2024-05-19,2023-08-11,2027-06-30,2024-05-13,15716404.017449168
245008,Taiwo Awoniyi,1997-08-12,104,Nigeria,104,Nigeria,right,183.0,84.0,https://cdn5.wyscout.com/photos/players/public/g319132_100x130.png,862,2024/2025,2024-08-16,2025-05-25,2022-07-01,2027-06-30,2025-05-19,15668515.891088763
432581,Andrew Omobamidele,2002-06-23,161,Ireland,104,Nigeria,right,188.0,80.0,https://cdn5.wyscout.com/photos/players/public/g-101008_100x130.png,1773,2023/2024,2023-08-11,2024-05-19,2023-09-01,2028-06-30,2024-05-13,15668017.316924721
481568,Ramón Sosa,1999-08-31,84,Paraguay,84,Paraguay,right,178.0,76.0,https://cdn5.wyscout.com/photos/players/public/g-167499_100x130.png,862,2024/2025,2024-08-16,2025-05-25,2024-08-16,2029-06-30,2025-05-19,15530445.941200215
313104,Manor Solomon,1999-07-24,157,Israel,85,Portugal,right,170.0,65.0,https://cdn5.wyscout.com/photos/players/public/g426517_100x130.png,1773,2023/2024,2023-08-11,2024-05-19,2023-07-11,2028-06-30,2024-05-13,15485987.113880618
233859,Mahmoud Dahoud,1996-01-01,53,Syria,207,Germany,right,178.0,68.0,https://cdn5.wyscout.com/photos/players/public/g307658_100x130.png,1773,2023/2024,2023-08-11,2024-05-19,2023-07-01,2027-06-30,2024-01-29,15443520.44691745
365306,Daniel Muñoz,1996-05-26,217,Colombia,217,Colombia,right,181.0,73.0,https://cdn5.wyscout.com/photos/players/public/g473447_100x130.png,1773,2023/2024,2023-08-11,2024-05-19,2024-01-30,2027-06-30,2024-05-13,15429255.072356906
189089,Thomas Partey,1993-06-13,184,Ghana,184,Ghana,right,185.0,77.0,https://cdn5.wyscout.com/photos/players/public/g250434_100x130.png,862,2024/2025,2024-08-16,2025-05-25,2020-10-04,2026-06-29,2025-05-19,15425113.787274497
39224,James Tarkowski,1992-11-19,19,England,88,Poland,right,185.0,81.0,https://cdn5.wyscout.com/photos/players/public/81281_100x130.png,1773,2023/2024,2023-08-11,2024-05-19,2022-07-02,2026-06-30,2024-05-13,15321957.490068601
430418,Caleb Okoli,2001-07-13,156,Italy,104,Nigeria,right,191.0,91.0,https://cdn5.wyscout.com/photos/players/public/g-98202_100x130.png,862,2024/2025,2024-08-16,2025-05-25,2024-07-09,2029-06-30,2025-05-19,15174519.252753878
38473,Harry Maguire,1993-03-05,19,England,19,England,right,194.0,100.0,https://cdn5.wyscout.com/photos/players/public/69400_100x130.png,1773,2023/2024,2023-08-11,2024-05-19,2019-06-30,2025-06-30,2024-05-13,15139812.327275172
227402,Ryan Christie,1995-02-22,10,Scotland,10,Scotland,left,178.0,71.0,https://cdn5.wyscout.com/photos/players/public/g291498_100x130.png,1773,2023/2024,2023-08-11,2024-05-19,2023-11-10,2027-06-30,2024-05-13,15133672.921129853
295463,Carlos Soler,1997-01-02,197,Spain,197,Spain,right,180.0,76.0,https://cdn5.wyscout.com/photos/players/public/g404347_100x130.png,862,2024/2025,2024-08-16,2025-05-25,2024-08-30,2025-06-30,2025-05-19,14913016.974390047
236788,Harrison Reed,1995-01-27,19,England,19,England,right,181.0,72.0,https://cdn5.wyscout.com/photos/players/public/g310410_100x130.png,1773,2023/2024,2023-08-11,2024-05-19,2023-09-14,2027-06-30,2024-05-13,14871927.902624244
424985,Jack Clarke,2000-11-23,19,England,19,England,right,181.0,74.0,https://cdn5.wyscout.com/photos/players/public/g-90963_100x130.png,862,2024/2025,2024-08-16,2025-05-25,2024-08-24,2029-06-30,2025-05-19,14851331.581867645
475411,Andrey Santos,2004-05-03,234,Brazil,234,Brazil,right,180.0,73.0,https://cdn5.wyscout.com/photos/players/public/g-159215_100x130.png,1773,2023/2024,2023-08-11,2024-05-19,2023-08-25,2024-05-31,2024-01-01,14849614.114601562
342306,Max Aarons,2000-01-04,19,England,155,Jamaica,right,171.0,69.0,https://cdn5.wyscout.com/photos/players/public/g452989_100x130.png,862,2024/2025,2024-08-16,2025-05-25,2023-08-10,2029-06-30,2025-01-06,14822751.075502682
326151,Ethan Pinnock,1993-05-29,19,England,155,Jamaica,left,187.0,79.0,https://cdn5.wyscout.com/photos/players/public/g430883_100x130.png,1773,2023/2024,2023-08-11,2024-05-19,2023-05-28,2027-06-30,2024-05-13,14718762.959774077
39174,John Stones,1994-05-28,19,England,19,England,right,188.0,76.0,https://cdn5.wyscout.com/photos/players/public/72741_100x130.png,862,2024/2025,2024-08-16,2025-05-25,2021-06-30,2026-06-30,2025-05-19,14713345.845841534
7092345,Diego Gómez,2003-03-27,84,Paraguay,84,Paraguay,right,180.0,73.0,https://cdn5.wyscout.com/photos/players/public/g-319699_100x130.png,862,2024/2025,2024-08-16,2025-05-25,2025-01-01,2026-12-31,2025-05-19,14612472.843617374
291630,Vitaly Janelt,1998-05-10,207,Germany,207,Germany,left,184.0,79.0,https://cdn5.wyscout.com/photos/players/public/g400419_100x130.png,862,2024/2025,2024-08-16,2025-05-25,2022-04-01,2026-06-30,2025-05-19,14591772.719813636
431264,Hannibal Mejbri,2003-01-21,191,France,43,Tunisia,right,177.0,74.0,https://cdn5.wyscout.com/photos/players/public/g-99307_100x130.png,1773,2023/2024,2023-08-11,2024-05-19,2024-01-04,2025-06-30,2024-01-08,14572908.756774966
534434,Nasser Djiga,2002-11-15,244,Burkina Faso,244,Burkina Faso,right,187.0,80.0,https://cdn5.wyscout.com/photos/players/public/g-243171_100x130.png,862,2024/2025,2024-08-16,2025-05-25,2025-02-03,2030-06-30,2025-05-19,14551410.6053172
7092623,Josh Acheampong,2006-05-05,19,England,161,Ireland,right,,0.0,https://cdn5.wyscout.com/photos/players/public/g-335590_100x130.png,862,2024/2025,2024-08-16,2025-05-25,2024-12-18,2029-06-30,2025-05-19,14549006.998552326
228276,Wilfred Ndidi,1996-12-16,104,Nigeria,104,Nigeria,right,183.0,74.0,https://cdn5.wyscout.com/photos/players/public/g298168_100x130.png,862,2024/2025,2024-08-16,2025-05-25,2024-07-12,2027-06-30,2025-05-19,14468595.311451443
477297,Lorenz Assignon,2000-06-22,191,France,50,Togo,right,181.0,77.0,https://cdn5.wyscout.com/photos/players/public/g-161715_100x130.png,1773,2023/2024,2023-08-11,2024-05-19,2024-02-01,2024-06-30,2024-05-13,14441649.271894176
540919,Stefan Bajcetic,2004-10-22,197,Spain,63,Serbia,right,185.0,73.0,https://cdn5.wyscout.com/photos/players/public/g-252929_100x130.png,1773,2023/2024,2023-08-11,2024-05-19,2021-01-01,2027-06-30,2024-05-13,14377588.5729611
312609,Marshall Munetsi,1996-06-22,2,Zimbabwe,2,Zimbabwe,right,188.0,83.0,https://cdn5.wyscout.com/photos/players/public/g424336_100x130.png,862,2024/2025,2024-08-16,2025-05-25,2025-02-03,2028-06-30,2025-05-19,14377477.82299817
232643,Diego Carlos,1993-03-15,234,Brazil,197,Spain,right,185.0,79.0,https://cdn5.wyscout.com/photos/players/public/g307051_100x130.png,1773,2023/2024,2023-08-11,2024-05-19,2022-07-01,2026-06-30,2024-05-13,14347857.609932732
545987,William Osula,2003-08-04,204,Denmark,19,England,right,186.0,81.0,https://cdn5.wyscout.com/photos/players/public/g-260625_100x130.png,862,2024/2025,2024-08-16,2025-05-25,2024-08-08,2029-06-30,2025-05-19,14241298.283568123
309523,Dara O'Shea,1999-03-04,161,Ireland,161,Ireland,right,188.0,74.0,https://cdn5.wyscout.com/photos/players/public/g421860_100x130.png,1773,2023/2024,2023-08-11,2024-05-19,2023-07-01,2027-06-30,2024-05-13,14200355.09816806
430419,Amad Diallo,2002-07-11,222,Côte d'Ivoire,156,Italy,left,173.0,72.0,https://cdn5.wyscout.com/photos/players/public/g-98203_100x130.png,1773,2023/2024,2023-08-11,2024-05-19,2020-06-30,2025-06-30,2024-05-13,14156114.659226449
309501,Mads Roerslev,1999-06-24,204,Denmark,204,Denmark,right,184.0,75.0,https://cdn5.wyscout.com/photos/players/public/g421629_100x130.png,862,2024/2025,2024-08-16,2025-05-25,2023-02-15,2026-06-30,2025-01-20,14047481.806909144
259022,Philip Billing,1996-06-11,204,Denmark,104,Nigeria,left,193.0,83.0,https://cdn5.wyscout.com/photos/players/public/g335778_100x130.png,862,2024/2025,2024-08-16,2025-05-25,2023-08-21,2027-06-30,2025-01-06,14012199.113682203
350829,Oliver Skipp,2000-09-16,19,England,19,England,right,175.0,70.0,https://cdn5.wyscout.com/photos/players/public/g459481_100x130.png,1773,2023/2024,2023-08-11,2024-05-19,2022-04-20,2027-06-30,2024-05-13,13909358.7726277
435583,Jan Paul,2000-06-08,101,Netherlands,101,Netherlands,right,189.0,78.0,https://cdn5.wyscout.com/photos/players/public/g-105319_100x130.png,1773,2023/2024,2023-08-11,2024-05-19,2023-12-15,2027-06-30,2024-05-13,13828459.958280612
385436,Tommy Doyle,2001-10-17,19,England,19,England,right,172.0,73.0,https://cdn5.wyscout.com/photos/players/public/g496623_100x130.png,862,2024/2025,2024-08-16,2025-05-25,2024-07-01,2028-06-30,2025-05-19,13811150.276510673
459611,Tim Iroegbunam,2003-06-30,19,England,104,Nigeria,right,183.0,70.0,https://cdn5.wyscout.com/photos/players/public/g-137878_100x130.png,862,2024/2025,2024-08-16,2025-05-25,2024-07-01,2027-06-30,2025-05-19,13783294.159289107
486076,Kamaldeen Sulemana,2002-02-15,184,Ghana,184,Ghana,right,175.0,70.0,https://cdn5.wyscout.com/photos/players/public/g-173413_100x130.png,862,2024/2025,2024-08-16,2025-05-25,2023-01-31,2027-06-30,2025-05-19,13769310.477883216
453165,Jaidon Anthony,1999-12-01,19,England,155,Jamaica,right,183.0,68.0,https://cdn5.wyscout.com/photos/players/public/g-129450_100x130.png,1773,2023/2024,2023-08-11,2024-05-19,2023-02-10,2027-06-30,2023-08-28,13713269.077663856
433567,Ameen Al-Dakhil,2002-03-06,159,Iraq,247,Belgium,right,187.0,70.0,https://cdn5.wyscout.com/photos/players/public/g-102328_100x130.png,1773,2023/2024,2023-08-11,2024-05-19,2023-01-13,2026-06-30,2024-05-13,13669229.226902837
376848,Vini Souza,1999-06-17,234,Brazil,234,Brazil,right,187.0,80.0,https://cdn5.wyscout.com/photos/players/public/g485414_100x130.png,1773,2023/2024,2023-08-11,2024-05-19,2023-08-09,2027-06-30,2024-05-13,13628381.642340176
279211,Hee-chan Hwang,1996-01-26,145,Korea Republic,145,Korea Republic,right,177.0,77.0,https://cdn5.wyscout.com/photos/players/public/g382807_100x130.png,862,2024/2025,2024-08-16,2025-05-25,2023-12-21,2028-06-30,2025-05-19,13588023.329979245
83445,Christian Nørgaard,1994-03-10,204,Denmark,204,Denmark,right,187.0,77.0,https://cdn5.wyscout.com/photos/players/public/68879_100x130.png,1773,2023/2024,2023-08-11,2024-05-19,2019-07-01,2025-06-30,2024-05-13,13545957.856232218
443932,Facundo Pellistri,2001-12-20,35,Uruguay,197,Spain,right,175.0,65.0,https://cdn5.wyscout.com/photos/players/public/g-116402_100x130.png,1773,2023/2024,2023-08-11,2024-05-19,2020-06-30,2025-06-30,2024-01-29,13435737.111767175
363542,Luke Thomas,2001-06-10,19,England,19,England,left,181.0,68.0,https://cdn5.wyscout.com/photos/players/public/g471770_100x130.png,1773,2023/2024,2023-08-11,2024-05-19,2023-08-31,2024-05-31,2024-01-08,13403800.001186829
245747,Issa Diop,1997-01-09,191,France,74,Senegal,right,194.0,92.0,https://cdn5.wyscout.com/photos/players/public/g320103_100x130.png,862,2024/2025,2024-08-16,2025-05-25,2022-08-10,2027-06-30,2025-05-19,13373855.193912681
300427,Romain Faivre,1998-07-14,191,France,202,Algeria,left,180.0,69.0,https://cdn5.wyscout.com/photos/players/public/g406092_100x130.png,1773,2023/2024,2023-08-11,2024-05-19,2023-07-13,2028-06-30,2024-05-13,13351179.956493396
390586,Cameron Archer,2001-12-09,19,England,19,England,right,175.0,72.0,https://cdn5.wyscout.com/photos/players/public/g501933_100x130.png,1773,2023/2024,2023-08-11,2024-05-19,2022-08-05,2027-06-30,2023-08-21,13331128.506957285
68735,Emerson Emerson,1994-08-03,234,Brazil,156,Italy,left,176.0,79.0,https://cdn5.wyscout.com/photos/players/public/66516_100x130.png,1773,2023/2024,2023-08-11,2024-05-19,2022-08-23,2026-06-30,2024-05-13,13310153.883992394
371213,Yukinari Sugawara,2000-06-28,152,Japan,152,Japan,right,178.0,68.0,https://cdn5.wyscout.com/photos/players/public/g479395_100x130.png,862,2024/2025,2024-08-16,2025-05-25,2024-07-14,2028-06-30,2025-05-19,13175861.477791866
277386,Odsonne Édouard,1998-01-16,173,French Guiana,191,France,right,187.0,83.0,https://cdn5.wyscout.com/photos/players/public/g376915_100x130.png,1773,2023/2024,2023-08-11,2024-05-19,2021-06-30,2025-06-30,2024-05-13,13171510.624494441
208774,Andreas Pereira,1996-01-01,247,Belgium,234,Brazil,right,178.0,70.0,https://cdn5.wyscout.com/photos/players/public/78533_100x130.png,862,2024/2025,2024-08-16,2025-05-25,2022-07-11,2026-06-30,2025-05-19,13164781.885168873
385792,Giovanni Reyna,2002-11-13,34,United States,85,Portugal,right,185.0,79.0,https://cdn5.wyscout.com/photos/players/public/g497191_100x130.png,1773,2023/2024,2023-08-11,2024-05-19,2024-01-31,2024-06-30,2024-05-13,13143498.568468429
40805,Raheem Sterling,1994-12-08,155,Jamaica,19,England,right,172.0,69.0,https://cdn5.wyscout.com/photos/players/public/51136_100x130.png,862,2024/2025,2024-08-16,2025-05-25,2024-08-30,2025-06-30,2025-05-19,13055180.765779827
317658,James Justin,1998-02-23,19,England,139,Saint Lucia,right,183.0,80.0,https://cdn5.wyscout.com/photos/players/public/g431215_100x130.png,862,2024/2025,2024-08-16,2025-05-25,2022-02-23,2026-06-30,2025-05-19,13022545.013815833
247183,Marco Asensio,1996-01-21,197,Spain,101,Netherlands,left,182.0,76.0,https://cdn5.wyscout.com/photos/players/public/g320586_100x130.png,862,2024/2025,2024-08-16,2025-05-25,2025-02-03,2025-06-30,2025-05-19,12976794.37897159
227011,Timothy Castagne,1995-12-05,247,Belgium,247,Belgium,right,185.0,80.0,https://cdn5.wyscout.com/photos/players/public/g297445_100x130.png,862,2024/2025,2024-08-16,2025-05-25,2023-08-29,2027-06-30,2025-05-19,12924361.702975728
344324,Mikkel Damsgaard,2000-07-03,204,Denmark,204,Denmark,right,180.0,71.0,https://cdn5.wyscout.com/photos/players/public/g-45021_100x130.png,1773,2023/2024,2023-08-11,2024-05-19,2022-08-10,2027-06-30,2024-05-13,12854739.923692603
209687,Oleksandr Zinchenko,1996-12-15,37,Ukraine,37,Ukraine,left,175.0,64.0,https://cdn5.wyscout.com/photos/players/public/g275836_100x130.png,862,2024/2025,2024-08-16,2025-05-25,2022-07-22,2026-06-30,2025-05-19,12848569.291248791
83445,Christian Nørgaard,1994-03-10,204,Denmark,204,Denmark,right,187.0,77.0,https://cdn5.wyscout.com/photos/players/public/68879_100x130.png,862,2024/2025,2024-08-16,2025-05-25,2025-03-29,2027-06-30,2025-05-19,12789735.547170384
570398,Kosta Nedeljkovic,2005-12-16,63,Serbia,63,Serbia,right,184.0,72.0,https://cdn5.wyscout.com/photos/players/public/g-294583_100x130.png,862,2024/2025,2024-08-16,2025-05-25,2024-01-22,2029-06-30,2025-01-27,12695458.845186383
343728,Sean Longstaff,1997-10-30,19,England,19,England,right,180.0,65.0,https://cdn5.wyscout.com/photos/players/public/g454449_100x130.png,862,2024/2025,2024-08-16,2025-05-25,2022-05-25,2026-06-30,2025-05-19,12570335.113288876
346541,Albert Grønbæk,2001-05-23,204,Denmark,204,Denmark,right,176.0,73.0,https://cdn5.wyscout.com/photos/players/public/g-45939_100x130.png,862,2024/2025,2024-08-16,2025-05-25,2025-01-21,2025-06-30,2025-05-19,12500245.538744139
402740,Nathan Patterson,2001-10-16,10,Scotland,10,Scotland,right,183.0,72.0,https://cdn5.wyscout.com/photos/players/public/g517643_100x130.png,862,2024/2025,2024-08-16,2025-05-25,2021-06-30,2027-06-30,2025-05-19,12477247.9842367
391178,James McAtee,2002-10-18,19,England,19,England,left,180.0,72.0,https://cdn5.wyscout.com/photos/players/public/g-60821_100x130.png,862,2024/2025,2024-08-16,2025-05-25,2023-07-01,2026-06-30,2025-05-19,12319442.786718275
37984,James Ward-Prowse,1994-11-01,19,England,19,England,right,177.0,66.0,https://cdn5.wyscout.com/photos/players/public/72561_100x130.png,862,2024/2025,2024-08-16,2025-05-25,2024-08-30,2025-06-30,2025-01-27,12307525.307779711
308413,Arnaut Danjuma,1997-01-31,104,Nigeria,101,Netherlands,right,178.0,74.0,https://cdn5.wyscout.com/photos/players/public/g419539_100x130.png,1773,2023/2024,2023-08-11,2024-05-19,2023-07-23,2024-06-30,2024-05-13,12274150.856868271
38901,Lewis Dunk,1991-11-21,19,England,19,England,right,192.0,88.0,https://cdn5.wyscout.com/photos/players/public/58771_100x130.png,1773,2023/2024,2023-08-11,2024-05-19,2023-07-12,2026-06-30,2024-05-13,12250505.437671449
258327,Lewis Cook,1997-02-03,19,England,19,England,right,175.0,71.0,https://cdn5.wyscout.com/photos/players/public/g335184_100x130.png,1773,2023/2024,2023-08-11,2024-05-19,2022-08-04,2025-06-30,2024-05-13,12161670.915077168
205833,Gonçalo Guedes,1996-11-29,85,Portugal,85,Portugal,right,179.0,68.0,https://cdn5.wyscout.com/photos/players/public/g270357_100x130.png,862,2024/2025,2024-08-16,2025-05-25,2022-08-08,2027-06-30,2025-05-19,12051312.746438302
497655,Yasin Ayari,2003-10-06,57,Sweden,43,Tunisia,right,172.0,69.0,https://cdn5.wyscout.com/photos/players/public/g-190722_100x130.png,862,2024/2025,2024-08-16,2025-05-25,2023-01-30,2027-06-30,2025-05-19,12019464.310608279
318247,Marcos Senesi,1997-05-10,257,Argentina,156,Italy,left,185.0,75.0,https://cdn5.wyscout.com/photos/players/public/g432117_100x130.png,862,2024/2025,2024-08-16,2025-05-25,2022-08-08,2026-06-30,2025-05-19,11888764.376504652
54723,Lucas Digne,1993-07-20,191,France,191,France,left,178.0,74.0,https://cdn5.wyscout.com/photos/players/public/52950_100x130.png,1773,2023/2024,2023-08-11,2024-05-19,2021-06-30,2026-06-30,2024-05-13,11876335.942523491
57182,Abdoulaye Doucouré,1993-01-01,191,France,122,Mali,right,183.0,75.0,https://cdn5.wyscout.com/photos/players/public/g163602_100x130.png,1773,2023/2024,2023-08-11,2024-05-19,2023-11-03,2025-06-30,2024-05-13,11729221.906780362
350829,Oliver Skipp,2000-09-16,19,England,19,England,right,175.0,70.0,https://cdn5.wyscout.com/photos/players/public/g459481_100x130.png,862,2024/2025,2024-08-16,2025-05-25,2024-08-19,2029-06-30,2025-05-19,11727637.705395285
199255,Neal Maupay,1996-08-14,191,France,257,Argentina,right,173.0,69.0,https://cdn5.wyscout.com/photos/players/public/g263185_100x130.png,1773,2023/2024,2023-08-11,2024-05-19,2023-09-01,2024-06-30,2024-05-13,11682060.499340376
363544,Ben Brereton,1999-04-18,19,England,224,Chile,right,185.0,80.0,https://cdn5.wyscout.com/photos/players/public/ndplayer_100x130.png,1773,2023/2024,2023-08-11,2024-05-19,2024-01-05,2024-06-30,2024-05-13,11640235.075946452
208466,Jan Bednarek,1996-04-12,88,Poland,88,Poland,right,189.0,77.0,https://cdn5.wyscout.com/photos/players/public/g273910_100x130.png,862,2024/2025,2024-08-16,2025-05-25,2024-09-13,2027-06-30,2025-05-19,11607212.661805857
357423,Jens Cajuste,1999-08-10,57,Sweden,34,United States,right,188.0,77.0,https://cdn5.wyscout.com/photos/players/public/g466396_100x130.png,862,2024/2025,2024-08-16,2025-05-25,2024-08-19,2025-06-30,2025-05-19,11604089.509201728
599876,Julio Soler,2005-02-16,257,Argentina,84,Paraguay,left,175.0,63.0,https://cdn5.wyscout.com/photos/players/public/g-337024_100x130.png,862,2024/2025,2024-08-16,2025-05-25,2025-01-07,2029-06-30,2025-05-19,11602207.590013426
391178,James McAtee,2002-10-18,19,England,19,England,left,180.0,72.0,https://cdn5.wyscout.com/photos/players/public/g-60821_100x130.png,1773,2023/2024,2023-08-11,2024-05-19,2023-09-01,2024-05-31,2024-05-13,11547298.815605383
157909,Pierre-Emile Højbjerg,1995-08-05,204,Denmark,191,France,right,187.0,81.0,https://cdn5.wyscout.com/photos/players/public/g182609_100x130.png,1773,2023/2024,2023-08-11,2024-05-19,2020-06-30,2025-06-30,2024-05-13,11495744.656485559
274764,Stephy Mavididi,1998-05-31,19,England,220,Congo DR,right,182.0,71.0,https://cdn5.wyscout.com/photos/players/public/g372907_100x130.png,862,2024/2025,2024-08-16,2025-05-25,2023-07-31,2028-06-30,2025-05-19,11495470.049396247
443474,Naouirou Ahamada,2002-03-29,191,France,216,Comoros,right,183.0,73.0,https://cdn5.wyscout.com/photos/players/public/g-115777_100x130.png,1773,2023/2024,2023-08-11,2024-05-19,2023-01-31,2026-06-30,2024-05-13,11459433.743572239
288677,Santiago Bueno,1998-11-09,35,Uruguay,35,Uruguay,right,192.0,80.0,https://cdn5.wyscout.com/photos/players/public/g397866_100x130.png,1773,2023/2024,2023-08-11,2024-05-19,2023-08-31,2028-06-30,2024-05-13,11294765.1730984
319152,Joe Worrall,1997-01-10,19,England,19,England,right,190.0,85.0,https://cdn5.wyscout.com/photos/players/public/g431849_100x130.png,1773,2023/2024,2023-08-11,2024-05-19,2023-09-08,2026-06-30,2024-01-29,11230516.904032312
290021,Josh Cullen,1996-04-07,19,England,161,Ireland,right,175.0,70.0,https://cdn5.wyscout.com/photos/players/public/g399878_100x130.png,1773,2023/2024,2023-08-11,2024-05-19,2023-08-21,2026-06-30,2024-05-13,11164897.569127649
44355,Niclas Füllkrug,1993-02-09,207,Germany,207,Germany,right,189.0,83.0,https://cdn5.wyscout.com/photos/players/public/81212_100x130.png,862,2024/2025,2024-08-16,2025-05-25,2024-08-05,2028-06-30,2025-05-19,11160240.855990293
288677,Santiago Bueno,1998-11-09,35,Uruguay,35,Uruguay,right,192.0,80.0,https://cdn5.wyscout.com/photos/players/public/g397866_100x130.png,862,2024/2025,2024-08-16,2025-05-25,2023-08-31,2028-06-30,2025-05-19,11145712.184937175
199255,Neal Maupay,1996-08-14,191,France,257,Argentina,right,173.0,69.0,https://cdn5.wyscout.com/photos/players/public/g263185_100x130.png,1773,2023/2024,2023-08-11,2024-05-19,2022-08-26,2026-06-30,2023-08-28,11100940.399257341
397364,Julián Araujo,2001-08-13,34,United States,125,Mexico,right,175.0,70.0,https://cdn5.wyscout.com/photos/players/public/g510059_100x130.png,862,2024/2025,2024-08-16,2025-05-25,2024-08-13,2029-06-30,2025-05-19,10942326.05760731
309501,Mads Roerslev,1999-06-24,204,Denmark,204,Denmark,right,184.0,75.0,https://cdn5.wyscout.com/photos/players/public/g421629_100x130.png,1773,2023/2024,2023-08-11,2024-05-19,2023-02-15,2026-06-30,2024-05-13,10912652.355581105
352003,Sergio Gómez,2000-09-04,197,Spain,197,Spain,left,173.0,71.0,https://cdn5.wyscout.com/photos/players/public/g460672_100x130.png,1773,2023/2024,2023-08-11,2024-05-19,2022-08-16,2026-06-30,2024-05-13,10892074.140142735
157531,Leander Dendoncker,1995-04-15,247,Belgium,247,Belgium,right,188.0,76.0,https://cdn5.wyscout.com/photos/players/public/g215348_100x130.png,1773,2023/2024,2023-08-11,2024-05-19,2022-09-01,2026-06-30,2024-01-22,10872210.385230226
77763,Fabian Schär,1991-12-20,225,Switzerland,225,Switzerland,right,186.0,84.0,https://cdn5.wyscout.com/photos/players/public/75999_100x130.png,1773,2023/2024,2023-08-11,2024-05-19,2024-01-08,2025-06-30,2024-05-13,10856083.631677616
35946,Álex Moreno,1993-06-08,197,Spain,197,Spain,left,179.0,68.0,https://cdn5.wyscout.com/photos/players/public/g217652_100x130.png,1773,2023/2024,2023-08-11,2024-05-19,2023-01-11,2026-06-30,2024-05-13,10812912.277544321
38473,Harry Maguire,1993-03-05,19,England,19,England,right,194.0,100.0,https://cdn5.wyscout.com/photos/players/public/69400_100x130.png,862,2024/2025,2024-08-16,2025-05-25,2025-01-03,2026-06-30,2025-05-19,10742485.025847673
476168,Yerson Mosquera,2001-05-02,217,Colombia,217,Colombia,right,188.0,84.0,https://cdn5.wyscout.com/photos/players/public/g-160263_100x130.png,862,2024/2025,2024-08-16,2025-05-25,2025-03-31,2030-06-30,2025-05-19,10693397.036811031
460162,Hugo Bueno,2002-09-18,197,Spain,197,Spain,left,180.0,73.0,https://cdn5.wyscout.com/photos/players/public/g-138648_100x130.png,1773,2023/2024,2023-08-11,2024-05-19,2022-11-02,2026-06-30,2024-05-13,10670634.746437335
227402,Ryan Christie,1995-02-22,10,Scotland,10,Scotland,left,178.0,71.0,https://cdn5.wyscout.com/photos/players/public/g291498_100x130.png,862,2024/2025,2024-08-16,2025-05-25,2023-11-10,2027-06-30,2025-05-19,10670320.651487099
401925,Eiran Cashin,2001-11-09,19,England,161,Ireland,left,184.0,85.0,https://cdn5.wyscout.com/photos/players/public/g516482_100x130.png,862,2024/2025,2024-08-16,2025-05-25,2025-01-31,2030-06-30,2025-05-19,10666641.570131609
244100,Josh Brownhill,1995-12-19,19,England,19,England,right,180.0,69.0,https://cdn5.wyscout.com/photos/players/public/g318195_100x130.png,1773,2023/2024,2023-08-11,2024-05-19,2020-01-30,2025-06-30,2024-05-13,10624075.606220558
274896,Sergio Reguilón,1996-12-16,197,Spain,197,Spain,left,178.0,68.0,https://cdn5.wyscout.com/photos/players/public/g372821_100x130.png,1773,2023/2024,2023-08-11,2024-05-19,2023-09-01,2024-06-30,2024-01-01,10608912.696018392
186424,Miguel Almirón,1994-02-10,84,Paraguay,84,Paraguay,left,174.0,70.0,https://cdn5.wyscout.com/photos/players/public/g247878_100x130.png,862,2024/2025,2024-08-16,2025-05-25,2023-02-24,2026-06-30,2025-01-27,10549895.163237708
39006,Chris Wood,1991-12-07,97,New Zealand,97,New Zealand,right,191.0,81.0,https://cdn5.wyscout.com/photos/players/public/40143_100x130.png,862,2024/2025,2024-08-16,2025-05-25,2025-01-23,2027-06-30,2025-05-19,10526057.221583024
353770,Albert Lokonga,1999-10-22,247,Belgium,220,Congo DR,right,183.0,73.0,https://cdn5.wyscout.com/photos/players/public/g462600_100x130.png,1773,2023/2024,2023-08-11,2024-05-19,2023-09-01,2024-05-31,2024-05-13,10513267.155687751
607788,Gustavo Nunes,2005-11-20,234,Brazil,234,Brazil,right,173.0,69.0,https://cdn5.wyscout.com/photos/players/public/g-347901_100x130.png,862,2024/2025,2024-08-16,2025-05-25,2024-08-28,2030-06-30,2025-05-19,10498750.432754636
242283,Harry Wilson,1997-03-22,8,Wales,19,England,left,173.0,70.0,https://cdn5.wyscout.com/photos/players/public/g316312_100x130.png,862,2024/2025,2024-08-16,2025-05-25,2021-06-30,2026-06-30,2025-05-19,10493885.24418425
206041,Saša Lukić,1996-08-13,63,Serbia,63,Serbia,right,183.0,77.0,https://cdn5.wyscout.com/photos/players/public/g268856_100x130.png,862,2024/2025,2024-08-16,2025-05-25,2023-01-31,2027-06-30,2025-05-19,10491091.836200332
272082,Guido Rodríguez,1994-04-12,257,Argentina,156,Italy,right,185.0,80.0,https://cdn5.wyscout.com/photos/players/public/g365587_100x130.png,862,2024/2025,2024-08-16,2025-05-25,2024-08-06,2027-06-30,2025-05-19,10484755.377052911
7090410,Luca Koleosho,2004-09-15,34,United States,156,Italy,right,175.0,67.0,https://cdn5.wyscout.com/photos/players/public/g-166987_100x130.png,1773,2023/2024,2023-08-11,2024-05-19,2023-07-25,2027-06-30,2024-05-13,10364983.259685365
471387,Ben Gannon-Doak,2005-11-11,10,Scotland,10,Scotland,right,173.0,65.0,https://cdn5.wyscout.com/photos/players/public/g-153710_100x130.png,1773,2023/2024,2023-08-11,2024-05-19,2023-09-19,2026-06-30,2024-05-13,10362657.747824132
322629,Frank Onyeka,1998-01-01,104,Nigeria,104,Nigeria,right,183.0,70.0,https://cdn5.wyscout.com/photos/players/public/g434897_100x130.png,1773,2023/2024,2023-08-11,2024-05-19,2023-08-07,2027-06-30,2024-05-13,10297823.229613891
248759,Moussa Niakhaté,1996-03-08,191,France,74,Senegal,left,190.0,82.0,https://cdn5.wyscout.com/photos/players/public/g323555_100x130.png,1773,2023/2024,2023-08-11,2024-05-19,2022-07-06,2025-06-30,2024-05-13,10285806.24958398
562151,Andrés García,2003-02-07,197,Spain,197,Spain,right,183.0,74.0,https://cdn5.wyscout.com/photos/players/public/g-282619_100x130.png,862,2024/2025,2024-08-16,2025-05-25,2025-01-21,2027-06-30,2025-05-19,10273057.48144169
312019,Auston Trusty,1998-08-12,34,United States,34,United States,left,191.0,84.0,https://cdn5.wyscout.com/photos/players/public/g425096_100x130.png,1773,2023/2024,2023-08-11,2024-05-19,2023-08-03,2027-06-30,2024-05-13,10267343.216384524
38111,Kyle Walker,1990-05-28,19,England,19,England,right,183.0,83.0,https://cdn5.wyscout.com/photos/players/public/31990_100x130.png,1773,2023/2024,2023-08-11,2024-05-19,2023-09-14,2026-06-30,2024-05-13,10264425.389795925
403790,Teden Mengi,2002-04-30,19,England,262,Angola,right,186.0,78.0,https://cdn5.wyscout.com/photos/players/public/g519942_100x130.png,1773,2023/2024,2023-08-11,2024-05-19,2023-08-31,2026-06-30,2024-05-13,10258166.729815703
194139,Nélson Semedo,1993-11-16,85,Portugal,215,Cape Verde,right,177.0,69.0,https://cdn5.wyscout.com/photos/players/public/g257122_100x130.png,1773,2023/2024,2023-08-11,2024-05-19,2023-05-19,2025-06-30,2024-05-13,10245240.74719953
276506,David Brooks,1997-07-08,19,England,8,Wales,left,173.0,67.0,https://cdn5.wyscout.com/photos/players/public/g376315_100x130.png,1773,2023/2024,2023-08-11,2024-05-19,2022-08-22,2026-06-30,2024-01-29,10133031.317466801
458096,Yegor Yarmolyuk,2004-03-01,37,Ukraine,37,Ukraine,right,180.0,72.0,https://cdn5.wyscout.com/photos/players/public/g-135766_100x130.png,1773,2023/2024,2023-08-11,2024-05-19,2023-06-29,2028-06-30,2024-05-13,10080968.163832003
475416,Matheus França,2004-04-01,234,Brazil,234,Brazil,right,182.0,67.0,https://cdn5.wyscout.com/photos/players/public/g-159220_100x130.png,862,2024/2025,2024-08-16,2025-05-25,2023-08-05,2028-06-30,2025-05-19,10058912.366187401
220428,Jefferson Lerma,1994-10-25,217,Colombia,217,Colombia,right,179.0,70.0,https://cdn5.wyscout.com/photos/players/public/g288830_100x130.png,862,2024/2025,2024-08-16,2025-05-25,2023-07-01,2026-06-30,2025-05-19,10053956.362625446
363248,Rodrigo Muniz,2001-05-04,234,Brazil,234,Brazil,right,185.0,67.0,https://cdn5.wyscout.com/photos/players/public/g-50849_100x130.png,862,2024/2025,2024-08-16,2025-05-25,2021-06-30,2026-06-30,2025-05-19,10035803.748515595
157347,Clément Lenglet,1995-06-17,191,France,191,France,left,186.0,81.0,https://cdn5.wyscout.com/photos/players/public/g215638_100x130.png,1773,2023/2024,2023-08-11,2024-05-19,2023-09-01,2024-06-30,2024-05-13,10031616.658938657
350900,Tariq Lamptey,2000-09-30,19,England,184,Ghana,right,163.0,62.0,https://cdn5.wyscout.com/photos/players/public/g459567_100x130.png,1773,2023/2024,2023-08-11,2024-05-19,2020-06-30,2025-06-30,2024-05-13,9969056.6093655415
174751,Dan Burn,1992-05-09,19,England,19,England,left,198.0,87.0,https://cdn5.wyscout.com/photos/players/public/70190_100x130.png,1773,2023/2024,2023-08-11,2024-05-19,2023-10-13,2026-06-30,2024-05-13,9967517.70786664
326285,Ryan Sessegnon,2000-05-18,19,England,19,England,left,178.0,70.0,https://cdn5.wyscout.com/photos/players/public/g440992_100x130.png,862,2024/2025,2024-08-16,2025-05-25,2024-07-26,2026-06-30,2025-05-19,9961034.66245869
503065,Alfie Gilchrist,2003-11-28,19,England,19,England,right,184.0,78.0,https://cdn5.wyscout.com/photos/players/public/g-198075_100x130.png,1773,2023/2024,2023-08-11,2024-05-19,2023-09-19,2025-06-30,2024-05-13,9944495.25041008
343136,Ben Johnson,2000-01-24,19,England,19,England,right,175.0,67.0,https://cdn5.wyscout.com/photos/players/public/g453865_100x130.png,862,2024/2025,2024-08-16,2025-05-25,2024-07-01,2028-06-30,2025-05-19,9892460.4027103037
97731,Victor Lindelöf,1994-07-17,57,Sweden,57,Sweden,right,187.0,80.0,https://cdn5.wyscout.com/photos/players/public/g127315_100x130.png,1773,2023/2024,2023-08-11,2024-05-19,2024-01-04,2025-06-30,2024-05-13,9880257.51174041
322629,Frank Onyeka,1998-01-01,104,Nigeria,104,Nigeria,right,183.0,70.0,https://cdn5.wyscout.com/photos/players/public/g434897_100x130.png,862,2024/2025,2024-08-16,2025-05-25,2023-08-07,2027-06-30,2024-08-26,9816489.8877782747
311826,Gonzalo Montiel,1997-01-01,257,Argentina,197,Spain,right,175.0,70.0,https://cdn5.wyscout.com/photos/players/public/g425838_100x130.png,1773,2023/2024,2023-08-11,2024-05-19,2023-08-23,2024-06-30,2024-05-13,9790191.5119705684
308388,Boubakary Soumaré,1999-02-27,191,France,74,Senegal,right,188.0,82.0,https://cdn5.wyscout.com/photos/players/public/g419550_100x130.png,862,2024/2025,2024-08-16,2025-05-25,2021-06-30,2026-06-30,2025-05-19,9736778.1166885141
429209,Boubacar Traoré,2001-08-20,122,Mali,122,Mali,right,183.0,67.0,https://cdn5.wyscout.com/photos/players/public/g-96637_100x130.png,1773,2023/2024,2023-08-11,2024-05-19,2023-07-01,2027-06-30,2024-05-13,9720657.0550481137
206041,Saša Lukić,1996-08-13,63,Serbia,63,Serbia,right,183.0,77.0,https://cdn5.wyscout.com/photos/players/public/g268856_100x130.png,1773,2023/2024,2023-08-11,2024-05-19,2023-01-31,2027-06-30,2024-05-13,9700501.0873061847
58440,Mario Lemina,1993-09-01,188,Gabon,191,France,right,184.0,85.0,https://cdn5.wyscout.com/photos/players/public/g163668_100x130.png,1773,2023/2024,2023-08-11,2024-05-19,2023-01-13,2025-06-30,2024-05-13,9633986.3401265
287080,Mathias Jensen,1996-01-01,204,Denmark,204,Denmark,right,180.0,68.0,https://cdn5.wyscout.com/photos/players/public/g389787_100x130.png,862,2024/2025,2024-08-16,2025-05-25,2023-01-18,2026-06-30,2025-05-19,9628787.9998871963
54723,Lucas Digne,1993-07-20,191,France,191,France,left,178.0,74.0,https://cdn5.wyscout.com/photos/players/public/52950_100x130.png,862,2024/2025,2024-08-16,2025-05-25,2021-06-30,2026-06-30,2025-05-19,9600145.0238947235
484117,Carlos Forbs,2004-03-19,85,Portugal,179,Guinea-Bissau,left,169.0,62.0,https://cdn5.wyscout.com/photos/players/public/g-170882_100x130.png,862,2024/2025,2024-08-16,2025-05-25,2024-08-30,2025-06-30,2025-05-19,9585268.87504278
232643,Diego Carlos,1993-03-15,234,Brazil,197,Spain,right,185.0,79.0,https://cdn5.wyscout.com/photos/players/public/g307051_100x130.png,862,2024/2025,2024-08-16,2025-05-25,2022-07-01,2026-06-30,2025-01-20,9540682.96467359
37984,James Ward-Prowse,1994-11-01,19,England,19,England,right,177.0,66.0,https://cdn5.wyscout.com/photos/players/public/72561_100x130.png,862,2024/2025,2024-08-16,2025-05-25,2023-08-14,2027-06-30,2025-05-19,9505632.1506057139
77763,Fabian Schär,1991-12-20,225,Switzerland,225,Switzerland,right,186.0,84.0,https://cdn5.wyscout.com/photos/players/public/75999_100x130.png,862,2024/2025,2024-08-16,2025-05-25,2025-04-03,2026-06-30,2025-05-19,9440693.806818869
433208,Maxime Estève,2002-05-26,191,France,191,France,left,193.0,87.0,https://cdn5.wyscout.com/photos/players/public/g-101846_100x130.png,1773,2023/2024,2023-08-11,2024-05-19,2024-02-01,2024-06-30,2024-05-13,9378153.0838079676
108645,Vladimír Coufal,1992-08-22,208,Czech Republic,208,Czech Republic,right,174.0,76.0,https://cdn5.wyscout.com/photos/players/public/g158893_100x130.png,1773,2023/2024,2023-08-11,2024-05-19,2020-10-02,2025-06-30,2024-05-13,9301294.8153596781
560081,Oliver Scarles,2005-12-12,19,England,19,England,left,,0.0,https://cdn5.wyscout.com/photos/players/public/g-279741_100x130.png,862,2024/2025,2024-08-16,2025-05-25,2025-01-01,2028-06-30,2025-05-19,9213170.7216003872
347341,Ryan Yates,1997-11-21,19,England,19,England,right,190.0,87.0,https://cdn5.wyscout.com/photos/players/public/g457301_100x130.png,862,2024/2025,2024-08-16,2025-05-25,2024-07-25,2028-06-30,2025-05-19,9212184.65488396
244586,Carlton Morris,1995-12-16,19,England,19,England,right,185.0,85.0,https://cdn5.wyscout.com/photos/players/public/g318689_100x130.png,1773,2023/2024,2023-08-11,2024-05-19,2023-06-30,2025-06-30,2024-05-13,9173798.1518160217
363544,Ben Brereton,1999-04-18,19,England,224,Chile,right,185.0,80.0,https://cdn5.wyscout.com/photos/players/public/ndplayer_100x130.png,862,2024/2025,2024-08-16,2025-05-25,2024-07-24,2028-06-30,2025-01-13,9027248.029153591
290179,Daichi Kamada,1996-08-05,152,Japan,152,Japan,right,184.0,72.0,https://cdn5.wyscout.com/photos/players/public/g397947_100x130.png,862,2024/2025,2024-08-16,2025-05-25,2024-07-01,2026-06-30,2025-05-19,8912565.23965351
512455,Willy Kambwala,2004-08-25,220,Congo DR,191,France,right,192.0,78.0,https://cdn5.wyscout.com/photos/players/public/g-210721_100x130.png,1773,2023/2024,2023-08-11,2024-05-19,2021-10-08,2025-06-30,2024-05-13,8804841.8634786364
7094225,Yunus Konak,2006-01-10,42,Turkey,42,Turkey,right,181.0,72.0,https://cdn5.wyscout.com/photos/players/public/g-474260_100x130.png,862,2024/2025,2024-08-16,2025-05-25,2024-01-11,2029-06-30,2025-05-19,8788628.268741
38754,Kieran Trippier,1990-09-19,19,England,19,England,right,178.0,71.0,https://cdn5.wyscout.com/photos/players/public/39901_100x130.png,1773,2023/2024,2023-08-11,2024-05-19,2023-01-27,2026-06-30,2024-05-13,8783672.8415375929
39224,James Tarkowski,1992-11-19,19,England,88,Poland,right,185.0,81.0,https://cdn5.wyscout.com/photos/players/public/81281_100x130.png,862,2024/2025,2024-08-16,2025-05-25,2022-07-02,2026-06-30,2025-05-19,8720744.406600412
283630,Giovani Lo Celso,1996-04-09,257,Argentina,156,Italy,left,177.0,68.0,https://cdn5.wyscout.com/photos/players/public/g392369_100x130.png,1773,2023/2024,2023-08-11,2024-05-19,2019-06-30,2025-06-30,2024-05-13,8679245.4632156827
174751,Dan Burn,1992-05-09,19,England,19,England,left,198.0,87.0,https://cdn5.wyscout.com/photos/players/public/70190_100x130.png,862,2024/2025,2024-08-16,2025-05-25,2025-05-24,2027-06-30,2025-05-19,8610671.8750320673
242811,Sammie Szmodics,1995-09-24,19,England,161,Ireland,right,167.0,64.0,https://cdn5.wyscout.com/photos/players/public/g316472_100x130.png,862,2024/2025,2024-08-16,2025-05-25,2024-08-16,2028-06-30,2025-05-19,8581087.8181400653
204732,Thilo Kehrer,1996-09-21,207,Germany,248,Burundi,right,186.0,76.0,https://cdn5.wyscout.com/photos/players/public/g271063_100x130.png,1773,2023/2024,2023-08-11,2024-05-19,2022-08-17,2026-06-30,2024-01-01,8579278.378461713
444014,Toby Collyer,2004-01-03,19,England,19,England,right,180.0,65.0,https://cdn5.wyscout.com/photos/players/public/g-116517_100x130.png,862,2024/2025,2024-08-16,2025-05-25,2024-07-11,2027-06-30,2025-05-19,8562608.2118541952
600290,Harry Amass,2007-03-16,19,England,19,England,left,181.0,0.0,https://cdn5.wyscout.com/photos/players/public/g-337661_100x130.png,862,2024/2025,2024-08-16,2025-05-25,2024-07-01,2027-06-30,2025-05-19,8555477.7340570185
343789,Elijah Adebayo,1998-01-07,19,England,104,Nigeria,right,193.0,89.0,https://cdn5.wyscout.com/photos/players/public/g454517_100x130.png,1773,2023/2024,2023-08-11,2024-05-19,2023-07-16,2026-06-30,2024-05-13,8451454.1296547018
120167,Wataru Endo,1993-02-09,152,Japan,152,Japan,right,178.0,77.0,https://cdn5.wyscout.com/photos/players/public/57618_100x130.png,862,2024/2025,2024-08-16,2025-05-25,2023-08-18,2027-06-30,2025-05-19,8434203.2138177939
33993,Philippe Coutinho,1992-06-12,234,Brazil,85,Portugal,right,172.0,68.0,https://cdn5.wyscout.com/photos/players/public/33553_100x130.png,1773,2023/2024,2023-08-11,2024-05-19,2021-06-30,2026-06-30,2023-09-04,8430060.3806687687
38789,Will Hughes,1995-04-17,19,England,19,England,left,185.0,74.0,https://cdn5.wyscout.com/photos/players/public/g216855_100x130.png,862,2024/2025,2024-08-16,2025-05-25,2025-04-15,2027-06-30,2025-05-19,8392102.37031274
456875,Samuel Edozie,2003-01-28,19,England,104,Nigeria,right,181.0,71.0,https://cdn5.wyscout.com/photos/players/public/g-134232_100x130.png,862,2024/2025,2024-08-16,2025-05-25,2022-09-01,2027-06-30,2024-09-02,8179773.098133361
369384,Anass Zaroury,2000-11-07,247,Belgium,130,Morocco,right,176.0,74.0,https://cdn5.wyscout.com/photos/players/public/g477618_100x130.png,1773,2023/2024,2023-08-11,2024-05-19,2023-08-04,2028-06-30,2024-01-29,8060687.29456092
286146,Kalvin Phillips,1995-12-02,19,England,155,Jamaica,right,178.0,72.0,https://cdn5.wyscout.com/photos/players/public/g393692_100x130.png,862,2024/2025,2024-08-16,2025-05-25,2024-08-16,2025-06-30,2025-05-19,8050878.8804921452
68705,Carlos Henrique José Casemiro,1992-02-23,234,Brazil,197,Spain,right,185.0,84.0,https://cdn5.wyscout.com/photos/players/public/36900_100x130.png,862,2024/2025,2024-08-16,2025-05-25,2022-08-22,2026-06-30,2025-05-19,7999753.4861008646
159131,Ben Davies,1993-04-24,8,Wales,8,Wales,left,181.0,76.0,https://cdn5.wyscout.com/photos/players/public/73639_100x130.png,1773,2023/2024,2023-08-11,2024-05-19,2022-07-25,2025-06-30,2024-05-13,7986691.8949645124
458783,Jay Stansfield,2002-11-24,19,England,19,England,right,187.0,69.0,https://cdn5.wyscout.com/photos/players/public/g-136738_100x130.png,862,2024/2025,2024-08-16,2025-05-25,2023-06-30,2027-06-29,2024-08-26,7897879.3599099945
377030,Jorge Cuenca,1999-11-17,197,Spain,197,Spain,left,190.0,75.0,https://cdn5.wyscout.com/photos/players/public/g485662_100x130.png,862,2024/2025,2024-08-16,2025-05-25,2024-08-03,2028-06-30,2025-05-19,7849877.6566215353
443202,Issa Kaboré,2001-05-12,244,Burkina Faso,244,Burkina Faso,right,180.0,72.0,https://cdn5.wyscout.com/photos/players/public/g-115423_100x130.png,1773,2023/2024,2023-08-11,2024-05-19,2023-07-21,2024-05-31,2024-05-13,7844303.82991774
34197,Pablo Sarabia,1992-05-11,197,Spain,197,Spain,left,174.0,70.0,https://cdn5.wyscout.com/photos/players/public/38553_100x130.png,1773,2023/2024,2023-08-11,2024-05-19,2023-01-17,2025-06-30,2024-05-13,7799544.0043597594
203771,Adam Webster,1995-01-04,19,England,19,England,right,190.0,75.0,https://cdn5.wyscout.com/photos/players/public/g34303_100x130.png,862,2024/2025,2024-08-16,2025-05-25,2021-06-30,2026-06-30,2025-05-19,7675550.5571514387
399946,Cheick Doucouré,2000-01-08,122,Mali,122,Mali,right,180.0,73.0,https://cdn5.wyscout.com/photos/players/public/g513387_100x130.png,862,2024/2025,2024-08-16,2025-05-25,2024-02-28,2029-06-30,2025-05-19,7672422.72191793
274896,Sergio Reguilón,1996-12-16,197,Spain,197,Spain,left,178.0,68.0,https://cdn5.wyscout.com/photos/players/public/g372821_100x130.png,1773,2023/2024,2023-08-11,2024-05-19,2024-01-17,2024-05-31,2024-05-13,7574392.1122711115
394198,Nuno Tavares,2000-01-26,85,Portugal,215,Cape Verde,left,183.0,75.0,https://cdn5.wyscout.com/photos/players/public/g505967_100x130.png,1773,2023/2024,2023-08-11,2024-05-19,2023-09-01,2024-06-30,2024-05-13,7516337.7567908363
38111,Kyle Walker,1990-05-28,19,England,19,England,right,183.0,83.0,https://cdn5.wyscout.com/photos/players/public/31990_100x130.png,862,2024/2025,2024-08-16,2025-05-25,2023-09-14,2026-06-30,2025-01-20,7437706.639639752
68735,Emerson Emerson,1994-08-03,234,Brazil,156,Italy,left,176.0,79.0,https://cdn5.wyscout.com/photos/players/public/66516_100x130.png,862,2024/2025,2024-08-16,2025-05-25,2022-08-23,2026-06-30,2025-05-19,7420957.174641354
366990,Hjalmar Ekdal,1998-10-21,57,Sweden,57,Sweden,right,187.0,80.0,https://cdn5.wyscout.com/photos/players/public/g475251_100x130.png,1773,2023/2024,2023-08-11,2024-05-19,2023-01-21,2027-06-30,2024-05-13,7381315.0970637975
481757,Lamare Bogarde,2004-01-05,101,Netherlands,60,Suriname,right,185.0,76.0,https://cdn5.wyscout.com/photos/players/public/g-167786_100x130.png,862,2024/2025,2024-08-16,2025-05-25,2024-08-20,2025-06-30,2025-05-19,7348555.1066704933
417000,Victor Alexander Vitinho,1999-07-23,234,Brazil,234,Brazil,right,175.0,67.0,https://cdn5.wyscout.com/photos/players/public/g-80420_100x130.png,1773,2023/2024,2023-08-11,2024-05-19,2023-09-29,2027-06-30,2024-05-13,7322990.5921984389
309445,Mike Trésor,1999-05-28,247,Belgium,248,Burundi,right,172.0,67.0,https://cdn5.wyscout.com/photos/players/public/g421832_100x130.png,1773,2023/2024,2023-08-11,2024-05-19,2023-09-01,2024-06-30,2024-05-13,7317204.3058619825
41394,Callum Wilson,1992-02-27,19,England,19,England,right,180.0,66.0,https://cdn5.wyscout.com/photos/players/public/56374_100x130.png,1773,2023/2024,2023-08-11,2024-05-19,2023-09-15,2025-06-30,2024-05-13,7303749.680988133
298501,Patson Daka,1998-10-09,3,Zambia,3,Zambia,right,183.0,71.0,https://cdn5.wyscout.com/photos/players/public/g405920_100x130.png,862,2024/2025,2024-08-16,2025-05-25,2021-06-30,2026-06-30,2025-05-19,7206061.65807155
50645,Jorge Luiz Jorginho,1991-12-20,234,Brazil,156,Italy,right,178.0,68.0,https://cdn5.wyscout.com/photos/players/public/50508_100x130.png,1773,2023/2024,2023-08-11,2024-05-19,2024-05-09,2025-06-30,2024-05-13,7196808.6529017081
326151,Ethan Pinnock,1993-05-29,19,England,155,Jamaica,left,187.0,79.0,https://cdn5.wyscout.com/photos/players/public/g430883_100x130.png,862,2024/2025,2024-08-16,2025-05-25,2023-05-28,2027-06-30,2025-05-19,7116572.45662343
196943,Adama Traoré,1996-01-25,197,Spain,122,Mali,right,178.0,72.0,https://cdn5.wyscout.com/photos/players/public/g260734_100x130.png,1773,2023/2024,2023-08-11,2024-05-19,2023-08-12,2025-06-30,2024-05-13,7108457.7181372624
314385,Jakub Moder,1999-04-07,88,Poland,88,Poland,right,188.0,78.0,https://cdn5.wyscout.com/photos/players/public/g427528_100x130.png,1773,2023/2024,2023-08-11,2024-05-19,2020-06-30,2025-06-30,2024-05-13,7068968.4091104977
38789,Will Hughes,1995-04-17,19,England,19,England,left,185.0,74.0,https://cdn5.wyscout.com/photos/players/public/g216855_100x130.png,1773,2023/2024,2023-08-11,2024-05-19,2024-05-10,2025-06-30,2024-05-13,7026584.1990539189
333988,George Hirst,1999-02-15,19,England,19,England,right,191.0,81.0,https://cdn5.wyscout.com/photos/players/public/g444223_100x130.png,862,2024/2025,2024-08-16,2025-05-25,2023-07-13,2027-06-30,2025-05-19,6930543.8792172354
157537,Divock Origi,1995-04-18,247,Belgium,150,Kenya,right,189.0,88.0,https://cdn5.wyscout.com/photos/players/public/g215344_100x130.png,1773,2023/2024,2023-08-11,2024-05-19,2023-09-01,2024-06-30,2024-05-13,6908820.8580776127
459611,Tim Iroegbunam,2003-06-30,19,England,104,Nigeria,right,183.0,70.0,https://cdn5.wyscout.com/photos/players/public/g-137878_100x130.png,1773,2023/2024,2023-08-11,2024-05-19,2022-01-01,2027-06-30,2024-05-13,6867746.6638066974
196943,Adama Traoré,1996-01-25,197,Spain,122,Mali,right,178.0,72.0,https://cdn5.wyscout.com/photos/players/public/g260734_100x130.png,862,2024/2025,2024-08-16,2025-05-25,2025-05-15,2026-06-30,2025-05-19,6841733.6764439717
30428,Joël Veltman,1992-01-15,101,Netherlands,101,Netherlands,right,184.0,75.0,https://cdn5.wyscout.com/photos/players/public/38481_100x130.png,1773,2023/2024,2023-08-11,2024-05-19,2023-07-03,2025-06-30,2024-05-13,6830853.38704802
385436,Tommy Doyle,2001-10-17,19,England,19,England,right,172.0,73.0,https://cdn5.wyscout.com/photos/players/public/g496623_100x130.png,1773,2023/2024,2023-08-11,2024-05-19,2023-09-01,2024-05-31,2024-05-13,6829873.83767432
389428,Jeremy Sarmiento,2002-06-16,19,England,201,Ecuador,right,183.0,73.0,https://cdn5.wyscout.com/photos/players/public/g-60487_100x130.png,862,2024/2025,2024-08-16,2025-05-25,2023-06-21,2027-06-30,2024-08-26,6809846.688274242
277386,Odsonne Édouard,1998-01-16,173,French Guiana,191,France,right,187.0,83.0,https://cdn5.wyscout.com/photos/players/public/g376915_100x130.png,862,2024/2025,2024-08-16,2025-05-25,2024-08-30,2026-06-30,2024-08-26,6768377.0486063948
363248,Rodrigo Muniz,2001-05-04,234,Brazil,234,Brazil,right,185.0,67.0,https://cdn5.wyscout.com/photos/players/public/g-50849_100x130.png,1773,2023/2024,2023-08-11,2024-05-19,2021-06-30,2026-06-30,2022-05-16,6744440.3578529
214689,Daniel Podence,1995-10-21,85,Portugal,85,Portugal,right,165.0,58.0,https://cdn5.wyscout.com/photos/players/public/g280821_100x130.png,862,2024/2025,2024-08-16,2025-05-25,2019-06-30,2024-06-30,2023-08-28,6718477.3266413845
475577,Youssef Chermiti,2004-05-24,85,Portugal,43,Tunisia,right,192.0,81.0,https://cdn5.wyscout.com/photos/players/public/g-159443_100x130.png,862,2024/2025,2024-08-16,2025-05-25,2023-08-11,2027-06-30,2025-05-19,6710407.1136082327
590179,Justin Devenny,2003-10-11,13,Northern Ireland,10,Scotland,left,,0.0,https://cdn5.wyscout.com/photos/players/public/g-323015_100x130.png,862,2024/2025,2024-08-16,2025-05-25,2025-01-14,2027-06-30,2025-05-19,6554948.6781193689
44454,İlkay Gündoğan,1990-10-24,207,Germany,207,Germany,right,180.0,80.0,https://cdn5.wyscout.com/photos/players/public/33351_100x130.png,862,2024/2025,2024-08-16,2025-05-25,2024-08-23,2026-06-30,2025-05-19,6490380.47587716
426993,Kasey McAteer,2001-11-22,19,England,19,England,right,177.0,72.0,https://cdn5.wyscout.com/photos/players/public/g-93559_100x130.png,862,2024/2025,2024-08-16,2025-05-25,2024-08-20,2028-06-30,2025-05-19,6347843.420640165
540241,Daniel Jebbison,2003-07-11,227,Canada,19,England,right,190.0,69.0,https://cdn5.wyscout.com/photos/players/public/g-251836_100x130.png,862,2024/2025,2024-08-16,2025-05-25,2024-07-10,2028-06-30,2025-05-19,6313390.91593555
347341,Ryan Yates,1997-11-21,19,England,19,England,right,190.0,87.0,https://cdn5.wyscout.com/photos/players/public/g457301_100x130.png,1773,2023/2024,2023-08-11,2024-05-19,2022-03-14,2025-06-30,2024-05-13,6103405.7876763064
302581,Connor Roberts,1995-09-23,8,Wales,8,Wales,right,175.0,76.0,https://cdn5.wyscout.com/photos/players/public/g413120_100x130.png,1773,2023/2024,2023-08-11,2024-05-19,2021-08-31,2027-06-30,2024-01-29,6083194.870739161
222608,Ryan Manning,1996-06-14,161,Ireland,161,Ireland,left,173.0,66.0,https://cdn5.wyscout.com/photos/players/public/g288483_100x130.png,862,2024/2025,2024-08-16,2025-05-25,2023-07-11,2027-06-30,2025-05-19,5993108.7480507344
534175,Bénie Traoré,2002-11-30,222,Côte d'Ivoire,222,Côte d'Ivoire,right,172.0,64.0,https://cdn5.wyscout.com/photos/players/public/g-242726_100x130.png,1773,2023/2024,2023-08-11,2024-05-19,2023-07-18,2027-06-30,2024-01-01,5916039.0135180149
339384,Carlos Vinícius,1995-03-25,234,Brazil,234,Brazil,left,190.0,84.0,https://cdn5.wyscout.com/photos/players/public/g449861_100x130.png,1773,2023/2024,2023-08-11,2024-05-19,2022-09-01,2025-06-30,2024-01-29,5862450.1858809767
42097,Ben Godfrey,1998-01-15,19,England,155,Jamaica,right,183.0,79.0,https://cdn5.wyscout.com/photos/players/public/g164733_100x130.png,1773,2023/2024,2023-08-11,2024-05-19,2020-06-30,2025-06-30,2024-05-13,5716725.9026475269
212889,Paul Onuachu,1994-05-28,104,Nigeria,104,Nigeria,right,201.0,98.0,https://cdn5.wyscout.com/photos/players/public/g279065_100x130.png,862,2024/2025,2024-08-16,2025-05-25,2023-01-31,2026-06-30,2025-05-19,5667412.88070893
545987,William Osula,2003-08-04,204,Denmark,19,England,right,186.0,81.0,https://cdn5.wyscout.com/photos/players/public/g-260625_100x130.png,1773,2023/2024,2023-08-11,2024-05-19,2023-10-02,2027-06-30,2024-05-13,5639680.4986282606
30435,Christian Eriksen,1992-02-14,204,Denmark,204,Denmark,right,181.0,76.0,https://cdn5.wyscout.com/photos/players/public/48722_100x130.png,1773,2023/2024,2023-08-11,2024-05-19,2022-07-15,2025-06-30,2024-05-13,5584202.6482861964
157168,Joe Rothwell,1995-01-11,19,England,19,England,right,185.0,77.0,https://cdn5.wyscout.com/photos/players/public/61048_100x130.png,1773,2023/2024,2023-08-11,2024-05-19,2022-07-01,2026-06-30,2024-01-08,5533544.1374844378
305207,Chiedozie Ogbene,1997-05-01,104,Nigeria,161,Ireland,right,181.0,75.0,https://cdn5.wyscout.com/photos/players/public/g417306_100x130.png,862,2024/2025,2024-08-16,2025-05-25,2024-08-28,2028-06-30,2025-05-19,5526473.7082342748
39006,Chris Wood,1991-12-07,97,New Zealand,97,New Zealand,right,191.0,81.0,https://cdn5.wyscout.com/photos/players/public/40143_100x130.png,1773,2023/2024,2023-08-11,2024-05-19,2023-07-01,2025-06-30,2024-05-13,5413411.8093919866
171936,Timo Werner,1996-03-06,207,Germany,207,Germany,right,180.0,75.0,https://cdn5.wyscout.com/photos/players/public/g242778_100x130.png,862,2024/2025,2024-08-16,2025-05-25,2024-05-28,2025-06-30,2025-05-19,5343968.7650302192
35946,Álex Moreno,1993-06-08,197,Spain,197,Spain,left,179.0,68.0,https://cdn5.wyscout.com/photos/players/public/g217652_100x130.png,862,2024/2025,2024-08-16,2025-05-25,2024-08-21,2025-05-31,2025-05-19,5289094.042314807
276506,David Brooks,1997-07-08,19,England,8,Wales,left,173.0,67.0,https://cdn5.wyscout.com/photos/players/public/g376315_100x130.png,862,2024/2025,2024-08-16,2025-05-25,2022-08-22,2026-06-30,2025-05-19,5279863.8266828405
429209,Boubacar Traoré,2001-08-20,122,Mali,122,Mali,right,183.0,67.0,https://cdn5.wyscout.com/photos/players/public/g-96637_100x130.png,862,2024/2025,2024-08-16,2025-05-25,2023-07-01,2027-06-30,2025-05-19,5265184.9121463411
38764,Danny Ings,1992-07-23,19,England,19,England,right,178.0,73.0,https://cdn5.wyscout.com/photos/players/public/58799_100x130.png,1773,2023/2024,2023-08-11,2024-05-19,2023-01-20,2025-06-30,2024-05-13,5258370.5586768948
362695,Chris Mepham,1997-11-05,19,England,8,Wales,right,193.0,77.0,https://cdn5.wyscout.com/photos/players/public/ndplayer_100x130.png,1773,2023/2024,2023-08-11,2024-05-19,2019-01-22,2025-06-30,2024-05-13,5229517.920252339
475589,Rodrigo Ribeiro,2005-04-28,85,Portugal,85,Portugal,right,186.0,72.0,https://cdn5.wyscout.com/photos/players/public/ndplayer_100x130.png,1773,2023/2024,2023-08-11,2024-05-19,2024-02-01,2024-06-30,2024-05-13,5204164.0073477216
208490,Harry Winks,1996-02-02,19,England,19,England,right,178.0,65.0,https://cdn5.wyscout.com/photos/players/public/g274470_100x130.png,862,2024/2025,2024-08-16,2025-05-25,2023-07-01,2026-06-30,2025-05-19,5172757.266945703
7102500,Ayden Heaven,2006-09-22,19,England,19,England,left,,0.0,https://cdn5.wyscout.com/photos/players/public/g-445626_100x130.png,862,2024/2025,2024-08-16,2025-05-25,2025-02-01,2029-06-30,2025-05-19,5142014.6896345
269158,Joe Aribo,1996-07-21,19,England,104,Nigeria,left,183.0,76.0,https://cdn5.wyscout.com/photos/players/public/g357453_100x130.png,862,2024/2025,2024-08-16,2025-05-25,2022-07-09,2026-06-30,2025-05-19,5137528.7972171661
478352,Ronnie Edwards,2003-03-28,19,England,19,England,right,185.0,76.0,https://cdn5.wyscout.com/photos/players/public/g-163240_100x130.png,862,2024/2025,2024-08-16,2025-05-25,2024-07-03,2028-06-30,2024-12-30,5085136.1398652112
657051,Pedro Lima,2006-07-01,234,Brazil,234,Brazil,right,174.0,64.0,https://cdn5.wyscout.com/photos/players/public/g-423765_100x130.png,862,2024/2025,2024-08-16,2025-05-25,2024-07-01,2029-06-30,2025-05-19,5062061.0647951448
222100,Davinson Sánchez,1996-06-12,217,Colombia,217,Colombia,right,187.0,81.0,https://cdn5.wyscout.com/photos/players/public/76658_100x130.png,1773,2023/2024,2023-08-11,2024-05-19,2018-05-15,2024-06-30,2023-08-28,5041009.6148363547
385503,Nathan Wood,2002-05-31,19,England,155,Jamaica,right,188.0,75.0,https://cdn5.wyscout.com/photos/players/public/g496764_100x130.png,862,2024/2025,2024-08-16,2025-05-25,2024-07-05,2028-06-30,2025-05-19,5002096.7496699756
313194,Tahith Chong,1999-12-04,212,Curaçao,101,Netherlands,left,185.0,75.0,https://cdn5.wyscout.com/photos/players/public/g426575_100x130.png,1773,2023/2024,2023-08-11,2024-05-19,2023-07-14,2026-06-30,2024-05-13,4962792.9586657612
38901,Lewis Dunk,1991-11-21,19,England,19,England,right,192.0,88.0,https://cdn5.wyscout.com/photos/players/public/58771_100x130.png,862,2024/2025,2024-08-16,2025-05-25,2023-07-12,2026-06-30,2025-05-19,4854056.2022991031
37765,Michael Keane,1993-01-11,19,England,161,Ireland,right,188.0,82.0,https://cdn5.wyscout.com/photos/players/public/58220_100x130.png,1773,2023/2024,2023-08-11,2024-05-19,2020-06-30,2025-06-30,2024-05-13,4837897.9179448737
386352,Armel Bella-Kotchap,2001-12-11,207,Germany,221,Cameroon,right,190.0,87.0,https://cdn5.wyscout.com/photos/players/public/g-59164_100x130.png,862,2024/2025,2024-08-16,2025-05-25,2022-07-01,2026-06-30,2025-05-19,4812520.8552118577
309432,Hannes Delcroix,1999-02-28,167,Haiti,247,Belgium,left,183.0,75.0,https://cdn5.wyscout.com/photos/players/public/g421826_100x130.png,1773,2023/2024,2023-08-11,2024-05-19,2023-08-22,2026-06-30,2024-05-13,4659774.727693202
283539,Conor Chaplin,1997-02-16,19,England,19,England,left,168.0,69.0,https://cdn5.wyscout.com/photos/players/public/g391229_100x130.png,862,2024/2025,2024-08-16,2025-05-25,2023-06-12,2026-06-30,2025-05-19,4607100.2108816626
38081,Ross Barkley,1993-12-05,19,England,19,England,right,189.0,79.0,https://cdn5.wyscout.com/photos/players/public/53003_100x130.png,862,2024/2025,2024-08-16,2025-05-25,2024-07-01,2026-06-30,2025-05-19,4555830.3302147351
37791,Danny Welbeck,1990-11-26,19,England,184,Ghana,right,185.0,73.0,https://cdn5.wyscout.com/photos/players/public/26463_100x130.png,862,2024/2025,2024-08-16,2025-05-25,2024-05-14,2026-06-30,2025-05-19,4528171.2892903239
174720,Bobby Reid,1993-02-02,19,England,155,Jamaica,right,170.0,68.0,https://cdn5.wyscout.com/photos/players/public/g188363_100x130.png,862,2024/2025,2024-08-16,2025-05-25,2024-07-06,2027-06-30,2025-05-19,4511573.2881416585
435201,Lewis Dobbin,2003-01-03,19,England,19,England,right,175.0,67.0,https://cdn5.wyscout.com/photos/players/public/g-104803_100x130.png,1773,2023/2024,2023-08-11,2024-05-19,2023-07-01,2025-06-30,2024-05-13,4506376.67649138
458785,Dane Scarlett,2004-03-24,19,England,155,Jamaica,right,180.0,73.0,https://cdn5.wyscout.com/photos/players/public/g-136740_100x130.png,862,2024/2025,2024-08-16,2025-05-25,2023-07-01,2027-06-30,2025-05-19,4441941.9012074089
458703,Francisco Jorge Chiquinho,2000-02-05,85,Portugal,215,Cape Verde,right,175.0,72.0,https://cdn5.wyscout.com/photos/players/public/g-136617_100x130.png,862,2024/2025,2024-08-16,2025-05-25,2022-01-16,2028-06-29,2024-08-26,4428726.790036371
136380,Raúl Jiménez,1991-05-05,125,Mexico,125,Mexico,right,187.0,76.0,https://cdn5.wyscout.com/photos/players/public/74972_100x130.png,862,2024/2025,2024-08-16,2025-05-25,2025-05-15,2026-06-30,2025-05-19,4345378.9044723231
396324,Han-Noah Massengo,2001-07-07,191,France,464,Congo,right,178.0,66.0,https://cdn5.wyscout.com/photos/players/public/g508986_100x130.png,1773,2023/2024,2023-08-11,2024-05-19,2023-08-31,2027-06-30,2024-05-13,4337335.9241555315
88690,Matt Doherty,1992-01-16,161,Ireland,161,Ireland,right,185.0,87.0,https://cdn5.wyscout.com/photos/players/public/69450_100x130.png,1773,2023/2024,2023-08-11,2024-05-19,2023-07-20,2026-06-30,2024-05-13,4278541.3140266128
280231,Ben Chilwell,1996-12-21,19,England,97,New Zealand,left,181.0,77.0,https://cdn5.wyscout.com/photos/players/public/g383419_100x130.png,862,2024/2025,2024-08-16,2025-05-25,2025-02-03,2025-05-31,2025-05-19,4213783.3272180641
7092690,Josh King,2007-01-03,19,England,19,England,right,,0.0,https://cdn5.wyscout.com/photos/players/public/g-337667_100x130.png,862,2024/2025,2024-08-16,2025-05-25,2024-01-16,2026-06-30,2025-05-19,4189563.7181679
38327,Jeffrey Schlupp,1992-12-23,207,Germany,184,Ghana,left,178.0,72.0,https://cdn5.wyscout.com/photos/players/public/55633_100x130.png,1773,2023/2024,2023-08-11,2024-05-19,2024-01-10,2025-06-30,2024-05-13,4123260.3544023633
7093237,Enso González,2005-01-20,84,Paraguay,84,Paraguay,left,169.0,69.0,https://cdn5.wyscout.com/photos/players/public/g-372209_100x130.png,1773,2023/2024,2023-08-11,2024-05-19,2023-08-31,2029-06-30,2024-05-13,4067900.5785886133
54603,Jordan Ayew,1991-09-11,191,France,184,Ghana,right,182.0,80.0,https://cdn5.wyscout.com/photos/players/public/48962_100x130.png,1773,2023/2024,2023-08-11,2024-05-19,2023-11-01,2025-06-30,2024-05-13,4026452.6811310994
614388,Andre Brooks,2003-08-20,19,England,155,Jamaica,left,180.0,71.0,https://cdn5.wyscout.com/photos/players/public/g-357453_100x130.png,1773,2023/2024,2023-08-11,2024-05-19,2024-01-12,2027-06-30,2024-05-13,3997623.8786163926
280655,Nathan Broadhead,1998-04-05,8,Wales,8,Wales,right,178.0,73.0,https://cdn5.wyscout.com/photos/players/public/g386237_100x130.png,862,2024/2025,2024-08-16,2025-05-25,2023-01-09,2026-06-30,2025-05-19,3941496.3240379225
207905,Tyrone Mings,1993-03-13,19,England,233,Barbados,left,196.0,77.0,https://cdn5.wyscout.com/photos/players/public/g274052_100x130.png,862,2024/2025,2024-08-16,2025-05-25,2023-02-17,2026-06-30,2025-05-19,3877280.5545190806
260752,Emiliano Buendía,1996-12-25,257,Argentina,197,Spain,right,172.0,72.0,https://cdn5.wyscout.com/photos/players/public/g335467_100x130.png,862,2024/2025,2024-08-16,2025-05-25,2025-01-29,2027-06-30,2025-01-27,3801859.5432768441
417629,Welington Welington,2001-02-19,234,Brazil,234,Brazil,left,177.0,73.0,https://cdn5.wyscout.com/photos/players/public/g-81301_100x130.png,862,2024/2025,2024-08-16,2025-05-25,2025-01-01,2026-06-30,2025-05-19,3788797.7052616132
428249,Joe White,2002-10-01,19,England,19,England,left,186.0,77.0,https://cdn5.wyscout.com/photos/players/public/g-95305_100x130.png,1773,2023/2024,2023-08-11,2024-05-19,2023-07-01,2026-06-30,2024-05-13,3785132.2192284265
78683,Emil Krafth,1994-08-02,57,Sweden,57,Sweden,right,184.0,83.0,https://cdn5.wyscout.com/photos/players/public/75795_100x130.png,1773,2023/2024,2023-08-11,2024-05-19,2024-02-14,2025-06-30,2024-05-13,3738372.260785873
342401,Harry Clarke,2001-03-02,19,England,19,England,right,180.0,71.0,https://cdn5.wyscout.com/photos/players/public/g453092_100x130.png,862,2024/2025,2024-08-16,2025-05-25,2023-01-19,2026-06-30,2025-01-27,3735620.4713834897
462322,James Hill,2002-01-10,19,England,19,England,right,184.0,73.0,https://cdn5.wyscout.com/photos/players/public/g-141631_100x130.png,862,2024/2025,2024-08-16,2025-05-25,2021-06-30,2026-06-30,2025-05-19,3691930.8429706632
458785,Dane Scarlett,2004-03-24,19,England,155,Jamaica,right,180.0,73.0,https://cdn5.wyscout.com/photos/players/public/g-136740_100x130.png,1773,2023/2024,2023-08-11,2024-05-19,2023-07-01,2027-06-30,2024-05-13,3678087.0260005984
30428,Joël Veltman,1992-01-15,101,Netherlands,101,Netherlands,right,184.0,75.0,https://cdn5.wyscout.com/photos/players/public/38481_100x130.png,862,2024/2025,2024-08-16,2025-05-25,2025-01-01,2026-06-30,2025-05-19,3662818.936599941
244587,Harry Toffolo,1995-08-19,19,England,19,England,left,183.0,71.0,https://cdn5.wyscout.com/photos/players/public/g318699_100x130.png,1773,2023/2024,2023-08-11,2024-05-19,2024-01-01,2025-06-30,2024-05-13,3662553.1924675619
136380,Raúl Jiménez,1991-05-05,125,Mexico,125,Mexico,right,187.0,76.0,https://cdn5.wyscout.com/photos/players/public/74972_100x130.png,1773,2023/2024,2023-08-11,2024-05-19,2023-07-25,2025-06-30,2024-05-13,3659743.1701258188
342736,Will Smallbone,2000-02-21,19,England,161,Ireland,right,183.0,71.0,https://cdn5.wyscout.com/photos/players/public/g453436_100x130.png,862,2024/2025,2024-08-16,2025-05-25,2023-08-28,2026-06-30,2025-05-19,3571869.4484484904
277523,Jacob Larsen,1998-09-19,204,Denmark,204,Denmark,right,183.0,77.0,https://cdn5.wyscout.com/photos/players/public/g379837_100x130.png,1773,2023/2024,2023-08-11,2024-05-19,2023-07-27,2024-06-30,2024-05-13,3556244.3181671458
363542,Luke Thomas,2001-06-10,19,England,19,England,left,181.0,68.0,https://cdn5.wyscout.com/photos/players/public/g471770_100x130.png,862,2024/2025,2024-08-16,2025-05-25,2020-07-01,2026-06-30,2025-05-19,3510537.4090155559
594159,Joachim Sanda,2006-11-29,191,France,191,France,right,186.0,77.0,https://cdn5.wyscout.com/photos/players/public/g-328951_100x130.png,862,2024/2025,2024-08-16,2025-05-25,2025-01-09,2029-06-30,2025-05-19,3484357.1205121675
373784,Woyo Coulibaly,1999-05-26,191,France,122,Mali,both,188.0,77.0,https://cdn5.wyscout.com/photos/players/public/g481791_100x130.png,862,2024/2025,2024-08-16,2025-05-25,2025-01-15,2029-06-30,2025-05-19,3420098.6176094515
574743,Oliver Arblaster,2004-05-05,19,England,19,England,right,178.0,69.0,https://cdn5.wyscout.com/photos/players/public/ndplayer_100x130.png,1773,2023/2024,2023-08-11,2024-05-19,2024-02-20,2028-06-30,2024-05-13,3031535.668916041
38754,Kieran Trippier,1990-09-19,19,England,19,England,right,178.0,71.0,https://cdn5.wyscout.com/photos/players/public/39901_100x130.png,862,2024/2025,2024-08-16,2025-05-25,2023-01-27,2026-06-30,2025-05-19,3000789.0054357192
427007,Ali Al-Hamadi,2002-03-01,159,Iraq,19,England,right,187.0,76.0,https://cdn5.wyscout.com/photos/players/public/g-93574_100x130.png,862,2024/2025,2024-08-16,2025-05-25,2024-01-29,2028-06-30,2025-01-20,2914672.2834623167
357976,Jacob Brown,1998-04-10,19,England,10,Scotland,right,178.0,72.0,https://cdn5.wyscout.com/photos/players/public/g467060_100x130.png,1773,2023/2024,2023-08-11,2024-05-19,2023-08-10,2027-06-30,2024-05-13,2870792.3749656118
283478,Mason Holgate,1996-10-22,19,England,155,Jamaica,right,184.0,75.0,https://cdn5.wyscout.com/photos/players/public/g392071_100x130.png,1773,2023/2024,2023-08-11,2024-05-19,2024-02-01,2024-05-31,2024-05-13,2861316.6774669923
45414,Jannik Vestergaard,1992-08-03,204,Denmark,207,Germany,both,199.0,98.0,https://cdn5.wyscout.com/photos/players/public/68267_100x130.png,862,2024/2025,2024-08-16,2025-05-25,2024-06-07,2027-06-30,2025-05-19,2827467.4986121319
96458,Ricardo Pereira,1993-10-06,85,Portugal,215,Cape Verde,right,175.0,70.0,https://cdn5.wyscout.com/photos/players/public/83126_100x130.png,862,2024/2025,2024-08-16,2025-05-25,2022-02-18,2026-06-30,2025-05-19,2802837.48115683
261407,James Bree,1997-12-11,19,England,19,England,right,172.0,73.0,https://cdn5.wyscout.com/photos/players/public/g339021_100x130.png,862,2024/2025,2024-08-16,2025-05-25,2023-01-26,2026-06-30,2025-05-19,2785249.9402937107
215844,Marvelous Nakamba,1994-01-19,2,Zimbabwe,2,Zimbabwe,left,178.0,71.0,https://cdn5.wyscout.com/photos/players/public/g281751_100x130.png,1773,2023/2024,2023-08-11,2024-05-19,2023-07-20,2026-06-30,2024-05-13,2748472.5698773395
78683,Emil Krafth,1994-08-02,57,Sweden,57,Sweden,right,184.0,83.0,https://cdn5.wyscout.com/photos/players/public/75795_100x130.png,862,2024/2025,2024-08-16,2025-05-25,2025-02-20,2026-06-30,2025-05-19,2729023.5539491423
405857,Yasser Larouci,2001-01-01,202,Algeria,191,France,left,176.0,68.0,https://cdn5.wyscout.com/photos/players/public/g523655_100x130.png,1773,2023/2024,2023-08-11,2024-05-19,2023-07-17,2024-06-30,2024-05-13,2674821.5379507588
462322,James Hill,2002-01-10,19,England,19,England,right,184.0,73.0,https://cdn5.wyscout.com/photos/players/public/g-141631_100x130.png,1773,2023/2024,2023-08-11,2024-05-19,2021-06-30,2026-06-30,2024-05-13,2670270.0232397057
7104365,Jesurun Rak-Sakyi,2002-10-05,19,England,184,Ghana,left,178.0,65.0,https://cdn5.wyscout.com/photos/players/public/g-276135_100x130.png,1773,2023/2024,2023-08-11,2024-05-19,2019-07-01,2027-06-30,2024-05-13,2664383.2644467717
54603,Jordan Ayew,1991-09-11,191,France,184,Ghana,right,182.0,80.0,https://cdn5.wyscout.com/photos/players/public/48962_100x130.png,862,2024/2025,2024-08-16,2025-05-25,2023-11-01,2025-06-30,2024-08-19,2569498.1662948937
7093961,Harrison Armstrong,2007-01-19,19,England,19,England,right,185.0,72.0,https://cdn5.wyscout.com/photos/players/public/g-442631_100x130.png,862,2024/2025,2024-08-16,2025-05-25,2023-07-01,2028-06-30,2025-01-27,2531168.1505391169
199150,Maxwel Cornet,1996-09-27,222,Côte d'Ivoire,191,France,left,179.0,69.0,https://cdn5.wyscout.com/photos/players/public/g260856_100x130.png,862,2024/2025,2024-08-16,2025-05-25,2024-08-30,2025-06-30,2025-01-13,2516449.7185740178
344021,Anis Slimane,2001-03-16,204,Denmark,43,Tunisia,both,188.0,86.0,https://cdn5.wyscout.com/photos/players/public/g-44638_100x130.png,1773,2023/2024,2023-08-11,2024-05-19,2023-07-13,2026-06-30,2024-05-13,2457380.5693003503
88690,Matt Doherty,1992-01-16,161,Ireland,161,Ireland,right,185.0,87.0,https://cdn5.wyscout.com/photos/players/public/69450_100x130.png,862,2024/2025,2024-08-16,2025-05-25,2023-07-20,2026-06-30,2025-05-19,2442831.3546316931
342738,Michael Obafemi,2000-07-06,161,Ireland,104,Nigeria,right,170.0,71.0,https://cdn5.wyscout.com/photos/players/public/g453438_100x130.png,1773,2023/2024,2023-08-11,2024-05-19,2023-07-01,2025-06-30,2024-01-22,2422738.5209983932
37798,Conor Coady,1993-02-25,19,England,19,England,right,185.0,80.0,https://cdn5.wyscout.com/photos/players/public/49230_100x130.png,862,2024/2025,2024-08-16,2025-05-25,2023-07-01,2026-06-30,2025-05-19,2407156.6659612637
54603,Jordan Ayew,1991-09-11,191,France,184,Ghana,right,182.0,80.0,https://cdn5.wyscout.com/photos/players/public/48962_100x130.png,862,2024/2025,2024-08-16,2025-05-25,2024-08-23,2026-06-30,2025-05-19,2330958.3748106966
88784,Ryan Fraser,1994-02-24,10,Scotland,10,Scotland,right,163.0,70.0,https://cdn5.wyscout.com/photos/players/public/59084_100x130.png,862,2024/2025,2024-08-16,2025-05-25,2024-08-30,2026-06-30,2025-05-19,2308573.2858576393
349580,Jack Taylor,1998-06-23,19,England,161,Ireland,right,185.0,70.0,https://cdn5.wyscout.com/photos/players/public/g458113_100x130.png,862,2024/2025,2024-08-16,2025-05-25,2023-07-01,2026-06-30,2025-05-19,2287596.7354531921
34587,Jonny Otto,1994-03-03,197,Spain,197,Spain,both,175.0,70.0,https://cdn5.wyscout.com/photos/players/public/g218283_100x130.png,1773,2023/2024,2023-08-11,2024-05-19,2021-02-10,2025-06-30,2023-12-25,2224046.6775913252
595568,Martial Godo,2003-03-14,19,England,19,England,right,169.0,61.0,https://cdn5.wyscout.com/photos/players/public/g-330795_100x130.png,862,2024/2025,2024-08-16,2025-05-25,2024-09-04,2028-06-30,2025-05-19,2213660.5312413257
313189,Tyrell Malacia,1999-08-17,101,Netherlands,212,Curaçao,left,169.0,67.0,https://cdn5.wyscout.com/photos/players/public/g426580_100x130.png,862,2024/2025,2024-08-16,2025-05-25,2022-07-05,2026-06-30,2025-02-03,2188945.3564180639
322953,Hamza Choudhury,1997-10-01,19,England,243,Bangladesh,right,178.0,64.0,https://cdn5.wyscout.com/photos/players/public/g437092_100x130.png,862,2024/2025,2024-08-16,2025-05-25,2023-09-27,2027-06-30,2025-01-20,2174881.8191449838
41888,Tom Lockyer,1994-12-03,8,Wales,8,Wales,right,185.0,72.0,https://cdn5.wyscout.com/photos/players/public/g217714_100x130.png,1773,2023/2024,2023-08-11,2024-05-19,2023-07-06,2026-06-30,2024-05-13,2173320.18632264
557762,Eric Moreira,2006-05-03,207,Germany,85,Portugal,right,184.0,73.0,https://cdn5.wyscout.com/photos/players/public/g-276771_100x130.png,862,2024/2025,2024-08-16,2025-05-25,2024-07-01,2028-06-30,2025-05-19,2166274.3535335893
199150,Maxwel Cornet,1996-09-27,222,Côte d'Ivoire,191,France,left,179.0,69.0,https://cdn5.wyscout.com/photos/players/public/g260856_100x130.png,1773,2023/2024,2023-08-11,2024-05-19,2022-08-05,2027-06-30,2024-05-13,2156676.1745716175
251483,Reece Burke,1996-09-02,19,England,19,England,right,188.0,81.0,https://cdn5.wyscout.com/photos/players/public/g326358_100x130.png,1773,2023/2024,2023-08-11,2024-05-19,2023-07-03,2026-06-30,2024-05-13,2092556.9429928788
7092107,Jayden Meghoma,2006-06-28,19,England,104,Nigeria,left,176.0,72.0,https://cdn5.wyscout.com/photos/players/public/g-302908_100x130.png,862,2024/2025,2024-08-16,2025-05-25,2024-08-30,2028-06-30,2025-01-13,2046040.2393588871
360162,Mads Andersen,1997-12-27,204,Denmark,204,Denmark,right,194.0,82.0,https://cdn5.wyscout.com/photos/players/public/g402640_100x130.png,1773,2023/2024,2023-08-11,2024-05-19,2023-07-03,2026-06-30,2024-05-13,2031450.1622553237
38965,Charlie Taylor,1993-09-18,19,England,19,England,left,183.0,72.0,https://cdn5.wyscout.com/photos/players/public/g201149_100x130.png,862,2024/2025,2024-08-16,2025-05-25,2024-07-01,2026-06-30,2025-05-19,2020322.7648517422
384437,Luke Woolfenden,1998-10-21,19,England,19,England,right,193.0,80.0,https://cdn5.wyscout.com/photos/players/public/g495663_100x130.png,862,2024/2025,2024-08-16,2025-05-25,2025-01-31,2027-06-30,2025-05-19,1992117.1424090897
343687,Rhian Brewster,2000-04-01,19,England,233,Barbados,right,180.0,75.0,https://cdn5.wyscout.com/photos/players/public/g454401_100x130.png,1773,2023/2024,2023-08-11,2024-05-19,2020-10-01,2025-07-27,2024-05-13,1949722.6399984322
37804,Jack Robinson,1993-09-01,19,England,19,England,left,168.0,64.0,https://cdn5.wyscout.com/photos/players/public/g130344_100x130.png,1773,2023/2024,2023-08-11,2024-05-19,2023-07-05,2025-06-30,2024-05-13,1916964.9613523909
7100680,Caleb Kporha,2006-07-15,19,England,19,England,right,,0.0,https://cdn5.wyscout.com/photos/players/public/g-363378_100x130.png,862,2024/2025,2024-08-16,2025-05-25,2025-04-09,2029-06-30,2025-05-19,1893428.8812940731
215363,Wes Burns,1994-11-23,8,Wales,8,Wales,right,173.0,68.0,https://cdn5.wyscout.com/photos/players/public/g281093_100x130.png,862,2024/2025,2024-08-16,2025-05-25,2024-09-09,2026-06-30,2025-05-19,1841523.7856290764
235705,Enes Ünal,1997-05-10,42,Turkey,42,Turkey,right,187.0,75.0,https://cdn5.wyscout.com/photos/players/public/g304929_100x130.png,862,2024/2025,2024-08-16,2025-05-25,2024-07-01,2028-06-30,2025-05-19,1835367.3391003537
230304,Amari'i Bell,1994-05-05,19,England,155,Jamaica,left,180.0,77.0,https://cdn5.wyscout.com/photos/players/public/g301068_100x130.png,1773,2023/2024,2023-08-11,2024-05-19,2023-06-28,2025-06-30,2024-05-13,1685281.2189757451
283478,Mason Holgate,1996-10-22,19,England,155,Jamaica,right,184.0,75.0,https://cdn5.wyscout.com/photos/players/public/g392071_100x130.png,862,2024/2025,2024-08-16,2025-05-25,2019-06-30,2025-06-30,2024-08-26,1660850.0159760222
38288,Adam Smith,1991-04-29,19,England,19,England,right,180.0,78.0,https://cdn5.wyscout.com/photos/players/public/19737_100x130.png,1773,2023/2024,2023-08-11,2024-05-19,2023-12-01,2025-06-30,2024-05-13,1648924.123925209
38191,Craig Dawson,1990-05-06,19,England,19,England,right,188.0,78.0,https://cdn5.wyscout.com/photos/players/public/56650_100x130.png,1773,2023/2024,2023-08-11,2024-05-19,2023-01-22,2025-06-30,2024-05-13,1643274.5989039475
266377,Sasa Kalajdzic,1997-07-07,250,Austria,63,Serbia,right,200.0,90.0,https://cdn5.wyscout.com/photos/players/public/g349011_100x130.png,1773,2023/2024,2023-08-11,2024-05-19,2022-08-31,2027-06-30,2024-01-01,1487380.360183819
39407,Tom Cairney,1991-01-20,19,England,10,Scotland,left,186.0,84.0,https://cdn5.wyscout.com/photos/players/public/49682_100x130.png,1773,2023/2024,2023-08-11,2024-05-19,2024-01-02,2025-06-30,2024-05-13,1485852.3336676857
534973,David Ozoh,2005-05-06,197,Spain,19,England,right,,0.0,https://cdn5.wyscout.com/photos/players/public/g-243976_100x130.png,1773,2023/2024,2023-08-11,2024-05-19,2021-07-01,2026-06-30,2024-05-13,1441546.023356678
38299,Andros Townsend,1991-07-16,19,England,19,England,left,181.0,77.0,https://cdn5.wyscout.com/photos/players/public/55253_100x130.png,1773,2023/2024,2023-08-11,2024-05-19,2023-10-11,2023-12-31,2024-05-13,1392226.4189647664
376790,Daiki Hashioka,1999-05-17,152,Japan,152,Japan,right,184.0,73.0,https://cdn5.wyscout.com/photos/players/public/g484953_100x130.png,1773,2023/2024,2023-08-11,2024-05-19,2024-01-30,2025-06-30,2024-05-13,1369211.8588851471
37957,Nathan Redmond,1994-03-06,19,England,155,Jamaica,right,173.0,75.0,https://cdn5.wyscout.com/photos/players/public/56654_100x130.png,1773,2023/2024,2023-08-11,2024-05-19,2023-07-21,2025-06-30,2024-05-13,1333897.4694962292
236788,Harrison Reed,1995-01-27,19,England,19,England,right,181.0,72.0,https://cdn5.wyscout.com/photos/players/public/g310410_100x130.png,862,2024/2025,2024-08-16,2025-05-25,2023-09-14,2027-06-30,2025-05-19,1315166.2343082565
324999,Luis Sinisterra,1999-06-17,217,Colombia,217,Colombia,right,172.0,70.0,https://cdn5.wyscout.com/photos/players/public/g440448_100x130.png,862,2024/2025,2024-08-16,2025-05-25,2024-07-01,2026-06-30,2025-05-19,1265490.2822882272
7102474,Ji-soo Kim,2004-12-24,145,Korea Republic,145,Korea Republic,both,192.0,81.0,https://cdn5.wyscout.com/photos/players/public/g-168255_100x130.png,862,2024/2025,2024-08-16,2025-05-25,2024-07-01,2027-06-30,2025-05-19,1212724.2906714568
39184,Jordan Clark,1993-09-22,19,England,19,England,right,183.0,73.0,https://cdn5.wyscout.com/photos/players/public/72742_100x130.png,1773,2023/2024,2023-08-11,2024-05-19,2020-08-05,2026-06-30,2024-05-13,1207398.2144246129
83177,Mathias Jørgensen,1990-04-23,204,Denmark,180,The Gambia,right,189.0,79.0,https://cdn5.wyscout.com/photos/players/public/16247_100x130.png,1773,2023/2024,2023-08-11,2024-05-19,2023-05-15,2025-06-30,2024-05-13,1180200.1553108392
41004,Sam Morsy,1991-09-10,19,England,200,Egypt,right,173.0,75.0,https://cdn5.wyscout.com/photos/players/public/g94152_100x130.png,862,2024/2025,2024-08-16,2025-05-25,2024-07-31,2026-06-30,2025-05-19,1102146.6306156849
38288,Adam Smith,1991-04-29,19,England,19,England,right,180.0,78.0,https://cdn5.wyscout.com/photos/players/public/19737_100x130.png,862,2024/2025,2024-08-16,2025-05-25,2024-09-12,2026-06-30,2025-05-19,1090787.5967637647
309614,Pablo Fornals,1996-02-22,197,Spain,197,Spain,right,178.0,67.0,https://cdn5.wyscout.com/photos/players/public/g422765_100x130.png,1773,2023/2024,2023-08-11,2024-05-19,2019-06-30,2024-06-30,2024-01-29,1085508.8319371808
566766,Samuel Amo-Ameyaw,2006-07-18,19,England,19,England,left,174.0,68.0,https://cdn5.wyscout.com/photos/players/public/g-289543_100x130.png,862,2024/2025,2024-08-16,2025-05-25,2023-07-24,2026-06-30,2025-01-27,1063559.9530435088
588262,Ryan Trevitt,2003-03-12,19,England,19,England,right,170.0,65.0,https://cdn5.wyscout.com/photos/players/public/g-320447_100x130.png,862,2024/2025,2024-08-16,2025-05-25,2021-01-11,2026-06-30,2025-01-27,1009496.2711434031
38057,Joel Ward,1989-10-29,19,England,19,England,right,188.0,83.0,https://cdn5.wyscout.com/photos/players/public/30699_100x130.png,1773,2023/2024,2023-08-11,2024-05-19,2024-05-10,2025-06-30,2024-05-13,939421.75942007755
39464,Conor Townsend,1993-03-04,19,England,19,England,left,183.0,62.0,https://cdn5.wyscout.com/photos/players/public/82213_100x130.png,862,2024/2025,2024-08-16,2025-05-25,2024-08-01,2026-06-30,2025-05-19,870316.40084722207
339315,Ross Stewart,1996-07-11,10,Scotland,10,Scotland,right,188.0,85.0,https://cdn5.wyscout.com/photos/players/public/g449783_100x130.png,862,2024/2025,2024-08-16,2025-05-25,2023-09-01,2026-06-30,2025-05-19,863985.15521117917
185350,Eric Dier,1994-01-15,19,England,85,Portugal,right,191.0,91.0,https://cdn5.wyscout.com/photos/players/public/82560_100x130.png,1773,2023/2024,2023-08-11,2024-05-19,2020-06-30,2024-06-30,2024-01-08,834487.14099084015
42097,Ben Godfrey,1998-01-15,19,England,155,Jamaica,right,183.0,79.0,https://cdn5.wyscout.com/photos/players/public/g164733_100x130.png,862,2024/2025,2024-08-16,2025-05-25,2025-01-05,2025-06-30,2025-05-19,804931.67029611883
314385,Jakub Moder,1999-04-07,88,Poland,88,Poland,right,188.0,78.0,https://cdn5.wyscout.com/photos/players/public/g427528_100x130.png,862,2024/2025,2024-08-16,2025-05-25,2020-06-30,2025-06-30,2025-01-13,712033.4895942352
436787,Brandon Aguilera,2003-06-28,214,Costa Rica,214,Costa Rica,left,179.0,73.0,https://cdn5.wyscout.com/photos/players/public/g-106904_100x130.png,1773,2023/2024,2023-08-11,2024-05-19,2022-07-17,2026-06-30,2024-01-29,700974.71614337573
345861,Paris Maghoma,2001-05-08,19,England,220,Congo DR,right,185.0,75.0,https://cdn5.wyscout.com/photos/players/public/g455768_100x130.png,862,2024/2025,2024-08-16,2025-05-25,2024-08-02,2027-06-30,2025-05-19,694204.97335262247
198382,Kieffer Moore,1992-08-08,19,England,8,Wales,right,196.0,83.0,https://cdn5.wyscout.com/photos/players/public/g260764_100x130.png,1773,2023/2024,2023-08-11,2024-05-19,2021-06-30,2025-06-30,2024-01-29,686314.40452444134
419892,Myles Peart-Harris,2002-09-18,19,England,19,England,right,187.0,70.0,https://cdn5.wyscout.com/photos/players/public/ndplayer_100x130.png,1773,2023/2024,2023-08-11,2024-05-19,2021-07-23,2026-06-30,2024-01-15,680312.81935207953
37881,Tim Ream,1987-10-05,34,United States,34,United States,left,186.0,80.0,https://cdn5.wyscout.com/photos/players/public/51914_100x130.png,1773,2023/2024,2023-08-11,2024-05-19,2023-12-29,2025-06-30,2024-05-13,642181.76543565386
174736,Cauley Woodrow,1994-12-02,19,England,19,England,right,184.0,78.0,https://cdn5.wyscout.com/photos/players/public/g163854_100x130.png,1773,2023/2024,2023-08-11,2024-05-19,2023-07-01,2025-06-30,2024-05-13,638743.8965640018
247175,Scott McKenna,1996-11-12,10,Scotland,10,Scotland,left,189.0,74.0,https://cdn5.wyscout.com/photos/players/public/g318595_100x130.png,1773,2023/2024,2023-08-11,2024-05-19,2020-06-30,2024-06-30,2024-01-29,618410.1206713327
241287,Matt Targett,1995-09-18,19,England,10,Scotland,left,183.0,70.0,https://cdn5.wyscout.com/photos/players/public/ndplayer_100x130.png,1773,2023/2024,2023-08-11,2024-05-19,2022-07-01,2026-06-30,2024-05-13,603426.74080557807
54803,Serge Aurier,1992-12-24,222,Côte d'Ivoire,222,Côte d'Ivoire,right,176.0,76.0,https://cdn5.wyscout.com/photos/players/public/52716_100x130.png,1773,2023/2024,2023-08-11,2024-05-19,2023-06-02,2024-06-30,2024-01-29,568726.56165933132
58440,Mario Lemina,1993-09-01,188,Gabon,191,France,right,184.0,85.0,https://cdn5.wyscout.com/photos/players/public/g163668_100x130.png,862,2024/2025,2024-08-16,2025-05-25,2023-01-13,2025-06-30,2025-02-03,506320.68023597333
281898,Tom Davies,1998-06-30,19,England,19,England,right,180.0,78.0,https://cdn5.wyscout.com/photos/players/public/g387381_100x130.png,1773,2023/2024,2023-08-11,2024-05-19,2023-08-16,2026-06-30,2024-05-13,485618.616564209
213830,Solly March,1994-07-20,19,England,19,England,left,180.0,72.0,https://cdn5.wyscout.com/photos/players/public/g280521_100x130.png,862,2024/2025,2024-08-16,2025-05-25,2013-07-01,2026-06-30,2025-05-19,424726.71213089483
343149,Ryan Giles,2000-01-26,19,England,19,England,left,179.0,72.0,https://cdn5.wyscout.com/photos/players/public/g453881_100x130.png,1773,2023/2024,2023-08-11,2024-05-19,2023-07-28,2024-06-30,2024-01-29,381054.43054206227
44458,Ivan Perisic,1989-02-02,168,Croatia,168,Croatia,both,186.0,80.0,https://cdn5.wyscout.com/photos/players/public/4666_100x130.png,1773,2023/2024,2023-08-11,2024-05-19,2022-07-01,2024-06-30,2024-01-15,309795.50443338149
236793,Marcus Harness,1996-02-24,19,England,161,Ireland,right,180.0,70.0,https://cdn5.wyscout.com/photos/players/public/g310415_100x130.png,862,2024/2025,2024-08-16,2025-05-25,2022-07-15,2025-06-30,2024-08-26,220291.669117897
49756,Thiago Silva,1984-09-22,234,Brazil,191,France,right,181.0,79.0,https://cdn5.wyscout.com/photos/players/public/6741_100x130.png,1773,2023/2024,2023-08-11,2024-05-19,2023-02-10,2024-06-30,2023-02-06,209108.80217057487
302484,George Edmundson,1997-08-15,19,England,19,England,right,190.0,80.0,https://cdn5.wyscout.com/photos/players/public/g412728_100x130.png,862,2024/2025,2024-08-16,2025-05-25,2021-06-30,2025-06-30,2024-08-26,191867.63242130971
246185,Fodé Ballo-Touré,1997-01-03,191,France,74,Senegal,left,182.0,70.0,https://cdn5.wyscout.com/photos/players/public/g320252_100x130.png,1773,2023/2024,2023-08-11,2024-05-19,2023-09-01,2024-06-30,2024-05-13,174443.03981193173
11792568,Ben Winterburn,2004-09-04,,,,,right,185.0,0.0,https://cdn5.wyscout.com/photos/players/public/g-468673_100x130.png,862,2024/2025,2024-08-16,2025-05-25,2020-07-01,2027-06-30,2025-05-19,148900.31426292204
38327,Jeffrey Schlupp,1992-12-23,207,Germany,184,Ghana,left,178.0,72.0,https://cdn5.wyscout.com/photos/players/public/55633_100x130.png,862,2024/2025,2024-08-16,2025-05-25,2024-01-10,2025-06-30,2025-01-27,114649.05260170052
164969,Bertrand Traoré,1995-09-06,244,Burkina Faso,244,Burkina Faso,left,181.0,73.0,https://cdn5.wyscout.com/photos/players/public/g102801_100x130.png,1773,2023/2024,2023-08-11,2024-05-19,2020-06-30,2024-06-30,2024-01-29,70778.210876307523
39204,John Fleck,1991-08-24,10,Scotland,10,Scotland,left,170.0,72.0,https://cdn5.wyscout.com/photos/players/public/14839_100x130.png,1773,2023/2024,2023-08-11,2024-05-19,2023-06-26,2024-06-30,2024-01-29,54668.373517300148
37765,Michael Keane,1993-01-11,19,England,161,Ireland,right,188.0,82.0,https://cdn5.wyscout.com/photos/players/public/58220_100x130.png,862,2024/2025,2024-08-16,2025-05-25,2020-06-30,2025-06-30,2025-05-19,0.0
174720,Bobby Reid,1993-02-02,19,England,155,Jamaica,right,170.0,68.0,https://cdn5.wyscout.com/photos/players/public/g188363_100x130.png,1773,2023/2024,2023-08-11,2024-05-19,2020-01-24,2024-06-30,2024-05-13,0.0
50438,Angelo Ogbonna,1988-05-23,156,Italy,104,Nigeria,left,191.0,86.0,https://cdn5.wyscout.com/photos/players/public/14384_100x130.png,1773,2023/2024,2023-08-11,2024-05-19,2023-07-05,2024-06-30,2024-05-13,0.0
32034,Kenny Tete,1995-10-09,101,Netherlands,116,Mozambique,right,180.0,71.0,https://cdn5.wyscout.com/photos/players/public/80602_100x130.png,862,2024/2025,2024-08-16,2025-05-25,2024-05-17,2025-06-30,2025-05-19,0.0
32034,Kenny Tete,1995-10-09,101,Netherlands,116,Mozambique,right,180.0,71.0,https://cdn5.wyscout.com/photos/players/public/80602_100x130.png,1773,2023/2024,2023-08-11,2024-05-19,2024-05-17,2025-06-30,2024-05-13,0.0
362318,Lloyd Kelly,1998-10-06,19,England,19,England,left,190.0,86.0,https://cdn5.wyscout.com/photos/players/public/g471131_100x130.png,1773,2023/2024,2023-08-11,2024-05-19,2019-07-01,2024-06-30,2024-05-13,0.0
80988,Saman Ghoddos,1993-09-06,57,Sweden,160,Iran,right,175.0,75.0,https://cdn5.wyscout.com/photos/players/public/g186724_100x130.png,1773,2023/2024,2023-08-11,2024-05-19,2023-08-25,2024-06-30,2024-05-13,0.0
185421,André Gomes,1993-07-30,85,Portugal,85,Portugal,right,188.0,84.0,https://cdn5.wyscout.com/photos/players/public/g245897_100x130.png,1773,2023/2024,2023-08-11,2024-05-19,2019-06-30,2024-06-30,2024-05-13,0.0
38764,Danny Ings,1992-07-23,19,England,19,England,right,178.0,73.0,https://cdn5.wyscout.com/photos/players/public/58799_100x130.png,862,2024/2025,2024-08-16,2025-05-25,2023-01-20,2025-06-30,2025-05-19,0.0
276482,Trent Alexander-Arnold,1998-10-07,19,England,19,England,right,180.0,69.0,https://cdn5.wyscout.com/photos/players/public/g376875_100x130.png,862,2024/2025,2024-08-16,2025-05-25,2021-06-30,2025-06-30,2025-05-19,0.0
241287,Matt Targett,1995-09-18,19,England,10,Scotland,left,183.0,70.0,https://cdn5.wyscout.com/photos/players/public/ndplayer_100x130.png,862,2024/2025,2024-08-16,2025-05-25,2022-07-01,2026-06-30,2025-05-19,0.0
43155,George Baldock,1993-03-09,19,England,177,Greece,right,178.0,71.0,https://cdn5.wyscout.com/photos/players/public/75083_100x130.png,1773,2023/2024,2023-08-11,2024-05-19,2020-12-04,2024-06-30,2024-05-13,0.0
34197,Pablo Sarabia,1992-05-11,197,Spain,197,Spain,left,174.0,70.0,https://cdn5.wyscout.com/photos/players/public/38553_100x130.png,862,2024/2025,2024-08-16,2025-05-25,2023-01-17,2025-06-30,2025-05-19,0.0
143853,Mohamed Elneny,1992-07-11,200,Egypt,200,Egypt,right,179.0,72.0,https://cdn5.wyscout.com/photos/players/public/64542_100x130.png,1773,2023/2024,2023-08-11,2024-05-19,2023-02-21,2024-06-30,2024-05-13,0.0
340571,Andrew Irving,2000-05-13,10,Scotland,10,Scotland,left,190.0,80.0,https://cdn5.wyscout.com/photos/players/public/g451070_100x130.png,862,2024/2025,2024-08-16,2025-05-25,2023-08-31,2026-06-30,2025-05-19,0.0
243025,Max Lowe,1997-05-11,19,England,19,England,left,175.0,74.0,https://cdn5.wyscout.com/photos/players/public/g317145_100x130.png,1773,2023/2024,2023-08-11,2024-05-19,2020-06-30,2024-06-30,2024-05-13,0.0
308529,Marcus Rashford,1997-10-31,19,England,146,Saint Kitts and Nevis,right,186.0,70.0,https://cdn5.wyscout.com/photos/players/public/g420221_100x130.png,1773,2023/2024,2023-08-11,2024-05-19,2022-12-24,2024-06-30,2024-05-13,0.0
350900,Tariq Lamptey,2000-09-30,19,England,184,Ghana,right,163.0,62.0,https://cdn5.wyscout.com/photos/players/public/g459567_100x130.png,862,2024/2025,2024-08-16,2025-05-25,2020-06-30,2025-06-30,2025-05-19,0.0
458759,Jarell Quansah,2003-01-29,19,England,10,Scotland,right,190.0,78.0,https://cdn5.wyscout.com/photos/players/public/g-136704_100x130.png,1773,2023/2024,2023-08-11,2024-05-19,2023-07-01,2024-06-30,2024-05-13,0.0
268462,Rico Henry,1997-07-08,19,England,19,England,left,170.0,66.0,https://cdn5.wyscout.com/photos/players/public/g355641_100x130.png,862,2024/2025,2024-08-16,2025-05-25,2016-08-31,2026-06-30,2025-05-19,0.0
39195,Chris Basham,1988-07-20,19,England,19,England,right,190.0,80.0,https://cdn5.wyscout.com/photos/players/public/30732_100x130.png,1773,2023/2024,2023-08-11,2024-05-19,2022-05-12,2024-06-30,2024-05-13,0.0
30473,Jóhann Gudmundsson,1990-10-27,158,Iceland,158,Iceland,left,186.0,77.0,https://cdn5.wyscout.com/photos/players/public/33335_100x130.png,1773,2023/2024,2023-08-11,2024-05-19,2016-07-19,2024-06-30,2024-05-13,0.0
38378,James Tomkins,1989-03-29,19,England,19,England,right,192.0,74.0,https://cdn5.wyscout.com/photos/players/public/7185_100x130.png,1773,2023/2024,2023-08-11,2024-05-19,2023-06-16,2024-06-30,2024-05-13,0.0
194139,Nélson Semedo,1993-11-16,85,Portugal,215,Cape Verde,right,177.0,69.0,https://cdn5.wyscout.com/photos/players/public/g257122_100x130.png,862,2024/2025,2024-08-16,2025-05-25,2023-05-19,2025-06-30,2025-05-19,0.0
38753,Ben Mee,1989-09-21,19,England,19,England,left,180.0,82.0,https://cdn5.wyscout.com/photos/players/public/39575_100x130.png,862,2024/2025,2024-08-16,2025-05-25,2024-05-16,2025-06-30,2025-05-19,0.0
38753,Ben Mee,1989-09-21,19,England,19,England,left,180.0,82.0,https://cdn5.wyscout.com/photos/players/public/39575_100x130.png,1773,2023/2024,2023-08-11,2024-05-19,2024-05-16,2025-06-30,2024-05-13,0.0
50645,Jorge Luiz Jorginho,1991-12-20,234,Brazil,156,Italy,right,178.0,68.0,https://cdn5.wyscout.com/photos/players/public/50508_100x130.png,862,2024/2025,2024-08-16,2025-05-25,2024-05-09,2025-06-30,2025-05-19,0.0
30435,Christian Eriksen,1992-02-14,204,Denmark,204,Denmark,right,181.0,76.0,https://cdn5.wyscout.com/photos/players/public/48722_100x130.png,862,2024/2025,2024-08-16,2025-05-25,2022-07-15,2025-06-30,2025-05-19,0.0
274896,Sergio Reguilón,1996-12-16,197,Spain,197,Spain,left,178.0,68.0,https://cdn5.wyscout.com/photos/players/public/g372821_100x130.png,862,2024/2025,2024-08-16,2025-05-25,2020-06-30,2025-06-30,2025-05-19,0.0
460163,Omari Forson,2004-07-20,19,England,184,Ghana,left,179.0,67.0,https://cdn5.wyscout.com/photos/players/public/g-138649_100x130.png,1773,2023/2024,2023-08-11,2024-05-19,2023-12-31,2024-06-30,2024-05-13,0.0
57182,Abdoulaye Doucouré,1993-01-01,191,France,122,Mali,right,183.0,75.0,https://cdn5.wyscout.com/photos/players/public/g163602_100x130.png,862,2024/2025,2024-08-16,2025-05-25,2023-11-03,2025-06-30,2025-05-19,0.0
38120,Massimo Luongo,1992-09-25,251,Australia,156,Italy,right,176.0,66.0,https://cdn5.wyscout.com/photos/players/public/73517_100x130.png,862,2024/2025,2024-08-16,2025-05-25,2024-01-24,2025-06-30,2025-05-19,0.0
394213,Armando Broja,2001-09-10,19,England,260,Albania,right,191.0,75.0,https://cdn5.wyscout.com/photos/players/public/g506042_100x130.png,862,2024/2025,2024-08-16,2025-05-25,2024-08-30,2025-05-31,2025-05-19,0.0
376206,Rhys Norrington-Davies,1999-04-22,76,Saudi Arabia,8,Wales,left,181.0,68.0,https://cdn5.wyscout.com/photos/players/public/ndplayer_100x130.png,1773,2023/2024,2023-08-11,2024-05-19,2020-12-09,2024-06-30,2024-05-13,0.0
207905,Tyrone Mings,1993-03-13,19,England,233,Barbados,left,196.0,77.0,https://cdn5.wyscout.com/photos/players/public/g274052_100x130.png,1773,2023/2024,2023-08-11,2024-05-19,2023-02-17,2026-06-30,2024-05-13,0.0
471367,Divin Mubama,2004-10-25,19,England,220,Congo DR,left,183.0,70.0,https://cdn5.wyscout.com/photos/players/public/g-153690_100x130.png,1773,2023/2024,2023-08-11,2024-05-19,2021-10-28,2024-06-30,2024-05-13,0.0
37965,Jack Cork,1989-06-25,19,England,19,England,right,183.0,69.0,https://cdn5.wyscout.com/photos/players/public/1522_100x130.png,1773,2023/2024,2023-08-11,2024-05-19,2022-06-20,2024-06-30,2024-05-13,0.0
208843,Jaïro Riedewald,1996-09-09,101,Netherlands,60,Suriname,left,182.0,79.0,https://cdn5.wyscout.com/photos/players/public/g275113_100x130.png,1773,2023/2024,2023-08-11,2024-05-19,2021-02-03,2024-06-30,2024-05-13,0.0
203800,Ben Osborn,1994-08-05,19,England,19,England,left,176.0,75.0,https://cdn5.wyscout.com/photos/players/public/g269601_100x130.png,1773,2023/2024,2023-08-11,2024-05-19,2023-06-26,2024-06-30,2024-05-13,0.0
38965,Charlie Taylor,1993-09-18,19,England,19,England,left,183.0,72.0,https://cdn5.wyscout.com/photos/players/public/g201149_100x130.png,1773,2023/2024,2023-08-11,2024-05-19,2017-07-06,2024-06-30,2024-05-13,0.0
39407,Tom Cairney,1991-01-20,19,England,10,Scotland,left,186.0,84.0,https://cdn5.wyscout.com/photos/players/public/49682_100x130.png,862,2024/2025,2024-08-16,2025-05-25,2024-01-02,2025-06-30,2025-05-19,0.0
342945,Gabriel Osho,1998-08-14,19,England,104,Nigeria,right,185.0,70.0,https://cdn5.wyscout.com/photos/players/public/g453656_100x130.png,1773,2023/2024,2023-08-11,2024-05-19,2023-06-01,2024-06-30,2024-05-13,0.0
44514,Joel Matip,1991-08-08,207,Germany,221,Cameroon,right,194.0,90.0,https://cdn5.wyscout.com/photos/players/public/44538_100x130.png,1773,2023/2024,2023-08-11,2024-05-19,2019-06-30,2024-06-30,2024-05-13,0.0
108645,Vladimír Coufal,1992-08-22,208,Czech Republic,208,Czech Republic,right,174.0,76.0,https://cdn5.wyscout.com/photos/players/public/g158893_100x130.png,862,2024/2025,2024-08-16,2025-05-25,2020-10-02,2025-06-30,2025-05-19,0.0
251382,Dominic Calvert-Lewin,1997-03-16,19,England,19,England,right,187.0,74.0,https://cdn5.wyscout.com/photos/players/public/g326320_100x130.png,862,2024/2025,2024-08-16,2025-05-25,2019-06-30,2025-06-30,2025-05-19,0.0
41394,Callum Wilson,1992-02-27,19,England,19,England,right,180.0,66.0,https://cdn5.wyscout.com/photos/players/public/56374_100x130.png,862,2024/2025,2024-08-16,2025-05-25,2023-09-15,2025-06-30,2025-05-19,0.0
65791,Cheikhou Kouyaté,1989-12-21,74,Senegal,247,Belgium,right,189.0,83.0,https://cdn5.wyscout.com/photos/players/public/9092_100x130.png,1773,2023/2024,2023-08-11,2024-05-19,2022-08-13,2024-06-30,2024-05-13,0.0
305207,Chiedozie Ogbene,1997-05-01,104,Nigeria,161,Ireland,right,181.0,75.0,https://cdn5.wyscout.com/photos/players/public/g417306_100x130.png,1773,2023/2024,2023-08-11,2024-05-19,2023-07-01,2024-06-30,2024-05-13,0.0
38767,Jay Rodríguez,1989-07-29,19,England,197,Spain,right,185.0,80.0,https://cdn5.wyscout.com/photos/players/public/1148_100x130.png,1773,2023/2024,2023-08-11,2024-05-19,2022-05-04,2024-06-30,2024-05-13,0.0
42516,Jamie Vardy,1987-01-11,19,England,19,England,right,179.0,74.0,https://cdn5.wyscout.com/photos/players/public/74480_100x130.png,862,2024/2025,2024-08-16,2025-05-25,2024-06-07,2025-06-30,2025-05-19,0.0
54728,Idrissa Gueye,1989-09-26,74,Senegal,74,Senegal,right,174.0,66.0,https://cdn5.wyscout.com/photos/players/public/52620_100x130.png,1773,2023/2024,2023-08-11,2024-05-19,2024-05-17,2025-06-30,2024-05-13,0.0
54728,Idrissa Gueye,1989-09-26,74,Senegal,74,Senegal,right,174.0,66.0,https://cdn5.wyscout.com/photos/players/public/52620_100x130.png,862,2024/2025,2024-08-16,2025-05-25,2024-05-17,2025-06-30,2025-05-19,0.0
37760,Jonny Evans,1988-01-03,13,Northern Ireland,13,Northern Ireland,both,188.0,77.0,https://cdn5.wyscout.com/photos/players/public/5167_100x130.png,862,2024/2025,2024-08-16,2025-05-25,2024-07-12,2025-06-30,2025-05-19,0.0
37760,Jonny Evans,1988-01-03,13,Northern Ireland,13,Northern Ireland,both,188.0,77.0,https://cdn5.wyscout.com/photos/players/public/5167_100x130.png,1773,2023/2024,2023-08-11,2024-05-19,2023-09-01,2024-06-30,2024-05-13,0.0
33559,Thiago Alcántara,1991-04-11,197,Spain,234,Brazil,right,174.0,70.0,https://cdn5.wyscout.com/photos/players/public/37186_100x130.png,1773,2023/2024,2023-08-11,2024-05-19,2020-06-30,2024-06-30,2024-05-13,0.0
249485,Kieran Tierney,1997-06-05,164,Isle of Man,10,Scotland,left,180.0,73.0,https://cdn5.wyscout.com/photos/players/public/g323402_100x130.png,862,2024/2025,2024-08-16,2025-05-25,2021-06-25,2025-06-30,2025-05-19,0.0
38405,Aaron Cresswell,1989-12-15,19,England,19,England,left,170.0,66.0,https://cdn5.wyscout.com/photos/players/public/62849_100x130.png,1773,2023/2024,2023-08-11,2024-05-19,2019-10-09,2024-06-30,2024-05-13,0.0
38405,Aaron Cresswell,1989-12-15,19,England,19,England,left,170.0,66.0,https://cdn5.wyscout.com/photos/players/public/62849_100x130.png,862,2024/2025,2024-08-16,2025-05-25,2024-06-05,2025-06-30,2025-05-19,0.0
37976,Jack Stephens,1994-01-27,19,England,19,England,right,185.0,75.0,https://cdn5.wyscout.com/photos/players/public/72560_100x130.png,862,2024/2025,2024-08-16,2025-05-25,2023-08-04,2025-06-30,2025-05-19,0.0
244587,Harry Toffolo,1995-08-19,19,England,19,England,left,183.0,71.0,https://cdn5.wyscout.com/photos/players/public/g318699_100x130.png,862,2024/2025,2024-08-16,2025-05-25,2024-01-01,2025-06-30,2025-05-19,0.0
38224,John Egan,1992-10-20,161,Ireland,161,Ireland,right,185.0,75.0,https://cdn5.wyscout.com/photos/players/public/71868_100x130.png,1773,2023/2024,2023-08-11,2024-05-19,2018-07-19,2024-06-30,2024-05-13,0.0
37785,Ashley Young,1985-07-09,19,England,155,Jamaica,both,175.0,65.0,https://cdn5.wyscout.com/photos/players/public/4779_100x130.png,1773,2023/2024,2023-08-11,2024-05-19,2023-07-13,2024-06-30,2024-05-13,0.0
37785,Ashley Young,1985-07-09,19,England,155,Jamaica,both,175.0,65.0,https://cdn5.wyscout.com/photos/players/public/4779_100x130.png,862,2024/2025,2024-08-16,2025-05-25,2024-06-25,2025-06-30,2025-05-19,0.0
45144,Pascal Groß,1991-06-15,207,Germany,207,Germany,right,181.0,78.0,https://cdn5.wyscout.com/photos/players/public/52057_100x130.png,1773,2023/2024,2023-08-11,2024-05-19,2022-06-03,2024-06-30,2024-05-13,0.0
540241,Daniel Jebbison,2003-07-11,227,Canada,19,England,right,190.0,69.0,https://cdn5.wyscout.com/photos/players/public/g-251836_100x130.png,1773,2023/2024,2023-08-11,2024-05-19,2021-07-01,2024-06-30,2024-04-29,0.0
250888,Fred Onyedinma,1996-11-24,19,England,104,Nigeria,right,185.0,80.0,https://cdn5.wyscout.com/photos/players/public/g326166_100x130.png,1773,2023/2024,2023-08-11,2024-05-19,2021-07-01,2024-06-30,2024-05-13,0.0
159131,Ben Davies,1993-04-24,8,Wales,8,Wales,left,181.0,76.0,https://cdn5.wyscout.com/photos/players/public/73639_100x130.png,862,2024/2025,2024-08-16,2025-05-25,2022-07-25,2025-06-30,2025-05-19,0.0
343136,Ben Johnson,2000-01-24,19,England,19,England,right,175.0,67.0,https://cdn5.wyscout.com/photos/players/public/g453865_100x130.png,1773,2023/2024,2023-08-11,2024-05-19,2020-07-01,2024-06-30,2024-05-13,0.0
171351,Calum Chambers,1995-01-20,19,England,19,England,right,182.0,77.0,https://cdn5.wyscout.com/photos/players/public/g235617_100x130.png,1773,2023/2024,2023-08-11,2024-05-19,2021-06-30,2025-06-30,2024-05-13,0.0
39026,Matt Ritchie,1989-09-10,19,England,10,Scotland,left,172.0,76.0,https://cdn5.wyscout.com/photos/players/public/g65142_100x130.png,1773,2023/2024,2023-08-11,2024-05-19,2023-06-14,2024-06-30,2024-05-13,0.0
243026,Tosin Adarabioyo,1997-09-24,19,England,104,Nigeria,right,196.0,80.0,https://cdn5.wyscout.com/photos/players/public/g317349_100x130.png,1773,2023/2024,2023-08-11,2024-05-19,2020-10-05,2024-06-30,2024-05-13,0.0
245089,Sofyan Amrabat,1996-08-21,101,Netherlands,130,Morocco,right,185.0,82.0,https://cdn5.wyscout.com/photos/players/public/g319054_100x130.png,1773,2023/2024,2023-08-11,2024-05-19,2023-09-01,2024-06-30,2024-05-13,0.0
38588,Oliver Norwood,1991-04-12,19,England,13,Northern Ireland,right,175.0,75.0,https://cdn5.wyscout.com/photos/players/public/44810_100x130.png,1773,2023/2024,2023-08-11,2024-05-19,2019-01-04,2024-06-30,2024-05-13,0.0
37791,Danny Welbeck,1990-11-26,19,England,184,Ghana,right,185.0,73.0,https://cdn5.wyscout.com/photos/players/public/26463_100x130.png,1773,2023/2024,2023-08-11,2024-05-19,2024-05-14,2026-06-30,2024-05-13,0.0
278689,Orel Mangala,1998-03-18,247,Belgium,220,Congo DR,right,178.0,80.0,https://cdn5.wyscout.com/photos/players/public/g381127_100x130.png,862,2024/2025,2024-08-16,2025-05-25,2024-08-30,2025-06-30,2025-05-19,0.0
260565,Manuel Benson,1997-03-28,247,Belgium,262,Angola,left,178.0,68.0,https://cdn5.wyscout.com/photos/players/public/g337057_100x130.png,1773,2023/2024,2023-08-11,2024-05-19,2023-08-09,2027-06-30,2024-05-13,0.0
302653,Takehiro Tomiyasu,1998-11-05,152,Japan,152,Japan,right,188.0,84.0,https://cdn5.wyscout.com/photos/players/public/g413092_100x130.png,862,2024/2025,2024-08-16,2025-05-25,2024-03-20,2026-06-30,2025-05-19,0.0
339384,Carlos Vinícius,1995-03-25,234,Brazil,234,Brazil,left,190.0,84.0,https://cdn5.wyscout.com/photos/players/public/g449861_100x130.png,862,2024/2025,2024-08-16,2025-05-25,2022-09-01,2025-06-30,2025-05-19,0.0
54520,Willy Boly,1991-02-03,191,France,222,Côte d'Ivoire,right,195.0,92.0,https://cdn5.wyscout.com/photos/players/public/39247_100x130.png,862,2024/2025,2024-08-16,2025-05-25,2024-05-21,2025-06-30,2025-05-19,0.0
54520,Willy Boly,1991-02-03,191,France,222,Côte d'Ivoire,right,195.0,92.0,https://cdn5.wyscout.com/photos/players/public/39247_100x130.png,1773,2023/2024,2023-08-11,2024-05-19,2022-09-01,2024-06-30,2024-05-13,0.0
277386,Odsonne Édouard,1998-01-16,173,French Guiana,191,France,right,187.0,83.0,https://cdn5.wyscout.com/photos/players/public/g376915_100x130.png,862,2024/2025,2024-08-16,2025-05-25,2024-08-30,2025-06-30,2025-05-19,0.0
97731,Victor Lindelöf,1994-07-17,57,Sweden,57,Sweden,right,187.0,80.0,https://cdn5.wyscout.com/photos/players/public/g127315_100x130.png,862,2024/2025,2024-08-16,2025-05-25,2024-01-04,2025-06-30,2025-05-19,0.0
367994,Alfie Doughty,1999-12-21,19,England,19,England,left,183.0,68.0,https://cdn5.wyscout.com/photos/players/public/g-52681_100x130.png,1773,2023/2024,2023-08-11,2024-05-19,2022-07-01,2024-06-30,2024-05-13,0.0
41277,Luke Berry,1992-07-12,19,England,19,England,right,177.0,72.0,https://cdn5.wyscout.com/photos/players/public/65629_100x130.png,1773,2023/2024,2023-08-11,2024-05-19,2023-06-23,2024-06-30,2024-05-13,0.0
38191,Craig Dawson,1990-05-06,19,England,19,England,right,188.0,78.0,https://cdn5.wyscout.com/photos/players/public/56650_100x130.png,862,2024/2025,2024-08-16,2025-05-25,2023-01-22,2025-06-30,2025-05-19,0.0
208714,Ola Aina,1996-10-08,19,England,104,Nigeria,right,184.0,82.0,https://cdn5.wyscout.com/photos/players/public/g274798_100x130.png,1773,2023/2024,2023-08-11,2024-05-19,2023-07-22,2024-06-30,2024-05-13,0.0
208714,Ola Aina,1996-10-08,19,England,104,Nigeria,right,184.0,82.0,https://cdn5.wyscout.com/photos/players/public/g274798_100x130.png,862,2024/2025,2024-08-16,2025-05-25,2024-05-21,2025-06-30,2025-05-19,0.0
247756,Oli McBurnie,1996-06-04,19,England,10,Scotland,right,188.0,79.0,https://cdn5.wyscout.com/photos/players/public/g322039_100x130.png,1773,2023/2024,2023-08-11,2024-05-19,2023-06-07,2024-06-30,2024-05-13,0.0
311850,Kyle Walker-Peters,1997-04-13,19,England,19,England,right,173.0,62.0,https://cdn5.wyscout.com/photos/players/public/g425059_100x130.png,862,2024/2025,2024-08-16,2025-05-25,2020-06-30,2025-06-30,2025-05-19,0.0
38222,Nathaniel Clyne,1991-04-05,19,England,176,Grenada,right,175.0,67.0,https://cdn5.wyscout.com/photos/players/public/28183_100x130.png,1773,2023/2024,2023-08-11,2024-05-19,2023-06-16,2024-06-30,2024-05-13,0.0
38222,Nathaniel Clyne,1991-04-05,19,England,176,Grenada,right,175.0,67.0,https://cdn5.wyscout.com/photos/players/public/28183_100x130.png,862,2024/2025,2024-08-16,2025-05-25,2024-06-05,2025-06-30,2025-05-19,0.0
247174,Cameron Burgess,1995-10-21,10,Scotland,251,Australia,left,194.0,81.0,https://cdn5.wyscout.com/photos/players/public/g318594_100x130.png,862,2024/2025,2024-08-16,2025-05-25,2021-08-15,2025-06-30,2025-05-19,0.0
37980,Adam Lallana,1988-05-10,19,England,19,England,both,172.0,73.0,https://cdn5.wyscout.com/photos/players/public/1637_100x130.png,1773,2023/2024,2023-08-11,2024-05-19,2023-03-13,2024-06-30,2024-05-13,0.0
37980,Adam Lallana,1988-05-10,19,England,19,England,both,172.0,73.0,https://cdn5.wyscout.com/photos/players/public/1637_100x130.png,862,2024/2025,2024-08-16,2025-05-25,2024-07-01,2025-06-30,2025-05-19,0.0
276530,Josh Dasilva,1998-10-23,19,England,262,Angola,left,184.0,75.0,https://cdn5.wyscout.com/photos/players/public/g376597_100x130.png,1773,2023/2024,2023-08-11,2024-05-19,2024-05-17,2025-06-30,2024-05-13,0.0
544580,Myles Lewis-Skelly,2006-09-26,19,England,233,Barbados,left,178.0,0.0,https://cdn5.wyscout.com/photos/players/public/g-258641_100x130.png,862,2024/2025,2024-08-16,2025-05-25,2024-07-01,2025-06-30,2025-05-19,0.0
292128,Tyler Adams,1999-02-14,34,United States,34,United States,right,175.0,72.0,https://cdn5.wyscout.com/photos/players/public/g400878_100x130.png,1773,2023/2024,2023-08-11,2024-05-19,2023-08-20,2028-06-30,2024-05-13,0.0
308514,Axel Tuanzebe,1997-11-14,220,Congo DR,19,England,right,185.0,75.0,https://cdn5.wyscout.com/photos/players/public/g420198_100x130.png,862,2024/2025,2024-08-16,2025-05-25,2024-06-03,2025-06-30,2025-05-19,0.0
343156,Jayden Bogle,2000-07-27,19,England,19,England,right,178.0,69.0,https://cdn5.wyscout.com/photos/players/public/g453891_100x130.png,1773,2023/2024,2023-08-11,2024-05-19,2020-06-30,2024-06-30,2024-05-13,0.0
129703,Willian Willian,1988-08-09,234,Brazil,234,Brazil,right,175.0,77.0,https://cdn5.wyscout.com/photos/players/public/7643_100x130.png,1773,2023/2024,2023-08-11,2024-05-19,2023-07-17,2024-06-30,2024-05-13,0.0
129703,Willian Willian,1988-08-09,234,Brazil,234,Brazil,right,175.0,77.0,https://cdn5.wyscout.com/photos/players/public/7643_100x130.png,862,2024/2025,2024-08-16,2025-05-25,2025-02-06,2025-06-30,2025-05-19,0.0
245218,Donny van de Beek,1997-04-18,101,Netherlands,101,Netherlands,right,184.0,74.0,https://cdn5.wyscout.com/photos/players/public/g319301_100x130.png,1773,2023/2024,2023-08-11,2024-05-19,2020-06-30,2025-06-30,2023-12-25,0.0
365262,Morgan Rogers,2002-07-26,19,England,19,England,right,185.0,73.0,https://cdn5.wyscout.com/photos/players/public/g473391_100x130.png,1773,2023/2024,2023-08-11,2024-05-19,2024-02-01,2024-06-30,2024-05-13,0.0
38081,Ross Barkley,1993-12-05,19,England,19,England,right,189.0,79.0,https://cdn5.wyscout.com/photos/players/public/53003_100x130.png,1773,2023/2024,2023-08-11,2024-05-19,2023-08-09,2024-06-30,2024-05-13,0.0
38152,James Milner,1986-01-04,19,England,19,England,right,175.0,70.0,https://cdn5.wyscout.com/photos/players/public/5100_100x130.png,862,2024/2025,2024-08-16,2025-05-25,2024-05-14,2025-06-30,2025-05-19,0.0
38152,James Milner,1986-01-04,19,England,19,England,right,175.0,70.0,https://cdn5.wyscout.com/photos/players/public/5100_100x130.png,1773,2023/2024,2023-08-11,2024-05-19,2024-05-14,2025-06-30,2024-05-13,0.0
38057,Joel Ward,1989-10-29,19,England,19,England,right,188.0,83.0,https://cdn5.wyscout.com/photos/players/public/30699_100x130.png,862,2024/2025,2024-08-16,2025-05-25,2024-05-10,2025-06-30,2025-05-19,0.0
66078,Kevin De Bruyne,1991-06-28,247,Belgium,247,Belgium,right,181.0,75.0,https://cdn5.wyscout.com/photos/players/public/31178_100x130.png,862,2024/2025,2024-08-16,2025-05-25,2020-06-30,2025-06-30,2025-05-19,0.0
383075,Shandon Baptiste,1998-04-08,19,England,176,Grenada,right,180.0,67.0,https://cdn5.wyscout.com/photos/players/public/g494235_100x130.png,1773,2023/2024,2023-08-11,2024-05-19,2019-06-30,2024-06-30,2024-05-13,0.0
96466,Cédric Soares,1991-08-31,207,Germany,85,Portugal,right,171.0,67.0,https://cdn5.wyscout.com/photos/players/public/32808_100x130.png,1773,2023/2024,2023-08-11,2024-05-19,2020-06-30,2024-06-30,2024-05-13,0.0
68497,Felipe Augusto Felipe,1989-05-16,234,Brazil,234,Brazil,right,190.0,83.0,https://cdn5.wyscout.com/photos/players/public/69688_100x130.png,1773,2023/2024,2023-08-11,2024-05-19,2023-01-31,2024-06-30,2024-05-13,0.0
157356,Anthony Martial,1995-12-05,191,France,181,Guadeloupe,right,181.0,76.0,https://cdn5.wyscout.com/photos/players/public/g215647_100x130.png,1773,2023/2024,2023-08-11,2024-05-19,2015-09-01,2024-06-30,2024-05-13,0.0
7089365,Amadou Diallo,2003-02-15,19,England,182,Guinea,both,,0.0,https://cdn5.wyscout.com/photos/players/public/ndplayer_100x130.png,1773,2023/2024,2023-08-11,2024-05-19,,,,
342960,Brandon Austin,1999-01-08,19,England,34,United States,right,188.0,75.0,https://cdn5.wyscout.com/photos/players/public/g453672_100x130.png,862,2024/2025,2024-08-16,2025-05-25,2024-05-28,2029-06-30,,
600705,Jake Evans,2008-01-01,19,England,19,England,left,,0.0,https://cdn5.wyscout.com/photos/players/public/ndplayer_100x130.png,862,2024/2025,2024-08-16,2025-05-25,,,,
276250,Caoimhín Kelleher,1998-11-23,161,Ireland,161,Ireland,right,188.0,74.0,https://cdn5.wyscout.com/photos/players/public/g375147_100x130.png,862,2024/2025,2024-08-16,2025-05-25,2020-06-30,2026-06-30,,
276250,Caoimhín Kelleher,1998-11-23,161,Ireland,161,Ireland,right,188.0,74.0,https://cdn5.wyscout.com/photos/players/public/g375147_100x130.png,1773,2023/2024,2023-08-11,2024-05-19,2020-06-30,2026-06-30,,
396361,Jakub Stolarczyk,2000-12-19,88,Poland,88,Poland,right,194.0,79.0,https://cdn5.wyscout.com/photos/players/public/g509149_100x130.png,862,2024/2025,2024-08-16,2025-05-25,2023-07-01,2026-06-30,,
550568,Deivid Washington,2005-06-05,234,Brazil,234,Brazil,right,185.0,73.0,https://cdn5.wyscout.com/photos/players/public/g-267411_100x130.png,1773,2023/2024,2023-08-11,2024-05-19,2023-08-24,2030-06-30,,
669566,Olabade Aluko,2006-11-30,19,England,19,England,right,,0.0,https://cdn5.wyscout.com/photos/players/public/ndplayer_100x130.png,862,2024/2025,2024-08-16,2025-05-25,,,,
38075,Séamus Coleman,1988-10-11,161,Ireland,161,Ireland,right,177.0,77.0,https://cdn5.wyscout.com/photos/players/public/39127_100x130.png,862,2024/2025,2024-08-16,2025-05-25,2024-06-14,2025-06-30,,
38075,Séamus Coleman,1988-10-11,161,Ireland,161,Ireland,right,177.0,77.0,https://cdn5.wyscout.com/photos/players/public/39127_100x130.png,1773,2023/2024,2023-08-11,2024-05-19,2023-06-29,2024-06-30,,
462530,Bobby Clark,2005-02-07,19,England,19,England,right,178.0,67.0,https://cdn5.wyscout.com/photos/players/public/g-141954_100x130.png,1773,2023/2024,2023-08-11,2024-05-19,,,,
40161,James Shea,1991-06-16,19,England,161,Ireland,right,185.0,76.0,https://cdn5.wyscout.com/photos/players/public/g166719_100x130.png,1773,2023/2024,2023-08-11,2024-05-19,2022-04-23,2023-06-30,,
7092623,Josh Acheampong,2006-05-05,19,England,161,Ireland,right,,0.0,https://cdn5.wyscout.com/photos/players/public/g-335590_100x130.png,1773,2023/2024,2023-08-11,2024-05-19,,,,
97683,Ederson Ederson,1993-08-17,234,Brazil,85,Portugal,left,188.0,86.0,https://cdn5.wyscout.com/photos/players/public/g206804_100x130.png,862,2024/2025,2024-08-16,2025-05-25,2021-06-30,2026-06-30,,
97683,Ederson Ederson,1993-08-17,234,Brazil,85,Portugal,left,188.0,86.0,https://cdn5.wyscout.com/photos/players/public/g206804_100x130.png,1773,2023/2024,2023-08-11,2024-05-19,2021-06-30,2026-06-30,,
7092963,Ryan Oné,2006-06-26,10,Scotland,191,France,left,,0.0,https://cdn5.wyscout.com/photos/players/public/g-356916_100x130.png,1773,2023/2024,2023-08-11,2024-05-19,,,,
388336,Vitezslav Jaros,2001-07-23,208,Czech Republic,208,Czech Republic,right,190.0,74.0,https://cdn5.wyscout.com/photos/players/public/g499173_100x130.png,862,2024/2025,2024-08-16,2025-05-25,2024-07-01,2025-06-30,,
50266,Norberto Neto,1989-07-19,234,Brazil,156,Italy,right,190.0,84.0,https://cdn5.wyscout.com/photos/players/public/41220_100x130.png,862,2024/2025,2024-08-16,2025-05-25,2023-03-27,2026-06-30,,
50266,Norberto Neto,1989-07-19,234,Brazil,156,Italy,right,190.0,84.0,https://cdn5.wyscout.com/photos/players/public/41220_100x130.png,1773,2023/2024,2023-08-11,2024-05-19,2023-03-27,2026-06-30,,
620830,Harry Howell,2008-04-20,19,England,19,England,left,,0.0,https://cdn5.wyscout.com/photos/players/public/ndplayer_100x130.png,862,2024/2025,2024-08-16,2025-05-25,,,,
616229,Leon Chiwome,2006-01-10,19,England,2,Zimbabwe,right,186.0,75.0,https://cdn5.wyscout.com/photos/players/public/g-360162_100x130.png,1773,2023/2024,2023-08-11,2024-05-19,,,,
71458650,Michail Antonio,1990-03-28,,,,,right,,,,862,2024/2025,2024-08-16,2025-05-25,2022-01-07,2025-06-30,,
71458650,Michail Antonio,1990-03-28,,,,,right,,,,1773,2023/2024,2023-08-11,2024-05-19,2022-01-07,2025-06-30,,
534035,Nathan Fraser,2005-02-22,19,England,161,Ireland,right,188.0,78.0,https://cdn5.wyscout.com/photos/players/public/g-242544_100x130.png,1773,2023/2024,2023-08-11,2024-05-19,,,,
413087,James Trafford,2002-10-10,19,England,19,England,right,192.0,90.0,https://cdn5.wyscout.com/photos/players/public/g-74720_100x130.png,1773,2023/2024,2023-08-11,2024-05-19,2023-07-20,2027-06-30,,
447310,Jaden Philogene,2002-02-08,19,England,205,Dominica,right,179.0,67.0,https://cdn5.wyscout.com/photos/players/public/g-121255_100x130.png,1773,2023/2024,2023-08-11,2024-05-19,,,,
268925,Remi Matthews,1994-02-10,19,England,19,England,right,184.0,78.0,https://cdn5.wyscout.com/photos/players/public/81855_100x130.png,1773,2023/2024,2023-08-11,2024-05-19,2021-07-12,2024-06-30,,
38646,Jamaal Lascelles,1993-11-11,19,England,233,Barbados,right,188.0,89.0,https://cdn5.wyscout.com/photos/players/public/68047_100x130.png,1773,2023/2024,2023-08-11,2024-05-19,2023-03-08,2026-06-30,,
65958,Matz Sels,1992-02-26,247,Belgium,247,Belgium,right,188.0,75.0,https://cdn5.wyscout.com/photos/players/public/55978_100x130.png,1773,2023/2024,2023-08-11,2024-05-19,2024-02-01,2027-06-30,,
65958,Matz Sels,1992-02-26,247,Belgium,247,Belgium,right,188.0,75.0,https://cdn5.wyscout.com/photos/players/public/55978_100x130.png,862,2024/2025,2024-08-16,2025-05-25,2024-02-01,2027-06-30,,
543529,Sydie Peck,2004-09-13,19,England,19,England,right,,0.0,https://cdn5.wyscout.com/photos/players/public/ndplayer_100x130.png,1773,2023/2024,2023-08-11,2024-05-19,,,,
274012,Tom King,1995-03-09,19,England,8,Wales,right,194.0,80.0,https://cdn5.wyscout.com/photos/players/public/g371111_100x130.png,862,2024/2025,2024-08-16,2025-05-25,2024-02-14,2027-06-30,,
7105547,Joe Johnson,2006-02-21,19,England,19,England,left,,0.0,https://cdn5.wyscout.com/photos/players/public/ndplayer_100x130.png,1773,2023/2024,2023-08-11,2024-05-19,,,,
544583,Ethan Nwaneri,2007-03-21,19,England,104,Nigeria,left,165.0,60.0,https://cdn5.wyscout.com/photos/players/public/g-258644_100x130.png,1773,2023/2024,2023-08-11,2024-05-19,,,,
438680,Nathan Butler-Oyedeji,2003-01-04,19,England,104,Nigeria,right,177.0,72.0,https://cdn5.wyscout.com/photos/players/public/g-109645_100x130.png,862,2024/2025,2024-08-16,2025-05-25,,,,
470246,Jamie Donley,2005-01-03,13,Northern Ireland,19,England,left,183.0,75.0,https://cdn5.wyscout.com/photos/players/public/g-152289_100x130.png,1773,2023/2024,2023-08-11,2024-05-19,2021-07-01,2029-06-30,,
191291,Mark Flekken,1993-06-13,101,Netherlands,101,Netherlands,both,195.0,87.0,https://cdn5.wyscout.com/photos/players/public/g251509_100x130.png,862,2024/2025,2024-08-16,2025-05-25,2023-07-01,2027-06-30,,
191291,Mark Flekken,1993-06-13,101,Netherlands,101,Netherlands,both,195.0,87.0,https://cdn5.wyscout.com/photos/players/public/g251509_100x130.png,1773,2023/2024,2023-08-11,2024-05-19,2023-07-01,2027-06-30,,
7092594,Ethan Wheatley,2006-01-20,19,England,19,England,right,,0.0,https://cdn5.wyscout.com/photos/players/public/g-332308_100x130.png,1773,2023/2024,2023-08-11,2024-05-19,2022-07-01,2028-06-30,,
78430,Robin Olsen,1990-01-08,57,Sweden,204,Denmark,right,196.0,89.0,https://cdn5.wyscout.com/photos/players/public/83239_100x130.png,1773,2023/2024,2023-08-11,2024-05-19,2022-07-01,2025-06-30,,
78430,Robin Olsen,1990-01-08,57,Sweden,204,Denmark,right,196.0,89.0,https://cdn5.wyscout.com/photos/players/public/83239_100x130.png,862,2024/2025,2024-08-16,2025-05-25,2022-07-01,2025-06-30,,
33606,Kepa Arrizabalaga,1994-10-03,197,Spain,197,Spain,right,188.0,88.0,https://cdn5.wyscout.com/photos/players/public/g200705_100x130.png,862,2024/2025,2024-08-16,2025-05-25,2024-08-29,2025-05-31,,
7091972,Mark O'Mahony,2005-01-14,161,Ireland,161,Ireland,right,,0.0,https://cdn5.wyscout.com/photos/players/public/g-296477_100x130.png,1773,2023/2024,2023-08-11,2024-05-19,2023-01-26,2027-06-30,,
566675,Dominic Sadi,2003-09-02,19,England,19,England,left,,0.0,https://cdn5.wyscout.com/photos/players/public/g-289430_100x130.png,1773,2023/2024,2023-08-11,2024-05-19,2023-11-24,2025-06-29,,
343774,Robert Sánchez,1997-11-18,197,Spain,19,England,right,197.0,85.0,https://cdn5.wyscout.com/photos/players/public/g454501_100x130.png,1773,2023/2024,2023-08-11,2024-05-19,2023-08-05,2030-06-30,,
343774,Robert Sánchez,1997-11-18,197,Spain,19,England,right,197.0,85.0,https://cdn5.wyscout.com/photos/players/public/g454501_100x130.png,862,2024/2025,2024-08-16,2025-05-25,2023-08-05,2030-06-30,,
471367,Divin Mubama,2004-10-25,19,England,220,Congo DR,left,183.0,70.0,https://cdn5.wyscout.com/photos/players/public/g-153690_100x130.png,862,2024/2025,2024-08-16,2025-05-25,2024-08-29,2026-06-30,,
589177,Will Alves,2005-05-04,19,England,85,Portugal,right,,0.0,https://cdn5.wyscout.com/photos/players/public/g-321680_100x130.png,862,2024/2025,2024-08-16,2025-05-25,2021-07-01,2028-06-30,,
459726,Jimi Tauriainen,2004-03-08,194,Finland,194,Finland,left,,0.0,https://cdn5.wyscout.com/photos/players/public/ndplayer_100x130.png,1773,2023/2024,2023-08-11,2024-05-19,,,,
506280,Luke Harris,2005-03-04,8,Wales,154,Jersey,right,177.0,63.0,https://cdn5.wyscout.com/photos/players/public/g-202275_100x130.png,1773,2023/2024,2023-08-11,2024-05-19,2021-07-01,2026-06-30,,
556961,Tyler Fredricson,2005-02-23,19,England,19,England,right,,0.0,https://cdn5.wyscout.com/photos/players/public/g-275698_100x130.png,862,2024/2025,2024-08-16,2025-05-25,2022-07-01,2025-06-30,,
38403,Alex McCarthy,1989-12-03,19,England,19,England,right,193.0,79.0,https://cdn5.wyscout.com/photos/players/public/31978_100x130.png,862,2024/2025,2024-08-16,2025-05-25,2024-06-28,2026-06-30,,
571655,Jahmai Simpson-Pusey,2005-11-04,19,England,19,England,right,,0.0,https://cdn5.wyscout.com/photos/players/public/g-296337_100x130.png,862,2024/2025,2024-08-16,2025-05-25,2023-07-03,2025-06-30,,
41961,Nick Pope,1992-04-19,19,England,19,England,right,191.0,76.0,https://cdn5.wyscout.com/photos/players/public/g220636_100x130.png,1773,2023/2024,2023-08-11,2024-05-19,2022-07-01,2026-06-30,,
41961,Nick Pope,1992-04-19,19,England,19,England,right,191.0,76.0,https://cdn5.wyscout.com/photos/players/public/g220636_100x130.png,862,2024/2025,2024-08-16,2025-05-25,2022-07-01,2026-06-30,,
426867,Filip Jørgensen,2002-04-16,57,Sweden,204,Denmark,right,190.0,82.0,https://cdn5.wyscout.com/photos/players/public/g-93399_100x130.png,862,2024/2025,2024-08-16,2025-05-25,2024-07-30,2031-06-30,,
458944,Bart Verbruggen,2002-08-18,101,Netherlands,101,Netherlands,right,194.0,75.0,https://cdn5.wyscout.com/photos/players/public/g-136986_100x130.png,862,2024/2025,2024-08-16,2025-05-25,2023-07-03,2028-06-30,,
458944,Bart Verbruggen,2002-08-18,101,Netherlands,101,Netherlands,right,194.0,75.0,https://cdn5.wyscout.com/photos/players/public/g-136986_100x130.png,1773,2023/2024,2023-08-11,2024-05-19,2023-07-03,2028-06-30,,
456192,James McConnell,2004-09-13,19,England,19,England,right,,0.0,https://cdn5.wyscout.com/photos/players/public/g-133354_100x130.png,1773,2023/2024,2023-08-11,2024-05-19,,,,
459148,Antwoine Hackford,2004-03-20,19,England,44,Trinidad and Tobago,right,177.0,68.0,https://cdn5.wyscout.com/photos/players/public/g-137310_100x130.png,1773,2023/2024,2023-08-11,2024-05-19,,,,
374562,Hákon Valdimarsson,2001-10-13,158,Iceland,158,Iceland,right,188.0,78.0,https://cdn5.wyscout.com/photos/players/public/g482759_100x130.png,862,2024/2025,2024-08-16,2025-05-25,2024-01-26,2028-06-30,,
261069,Guglielmo Vicario,1996-10-07,156,Italy,156,Italy,right,194.0,85.0,https://cdn5.wyscout.com/photos/players/public/g338189_100x130.png,1773,2023/2024,2023-08-11,2024-05-19,2023-07-01,2028-06-30,,
261069,Guglielmo Vicario,1996-10-07,156,Italy,156,Italy,right,194.0,85.0,https://cdn5.wyscout.com/photos/players/public/g338189_100x130.png,862,2024/2025,2024-08-16,2025-05-25,2023-07-01,2028-06-30,,
537975,Dan Gore,2004-09-26,19,England,19,England,right,170.0,62.0,https://cdn5.wyscout.com/photos/players/public/g-248469_100x130.png,1773,2023/2024,2023-08-11,2024-05-19,2023-07-01,2026-06-30,,
7092756,Will Lankshear,2005-04-20,19,England,19,England,right,189.0,73.0,https://cdn5.wyscout.com/photos/players/public/g-340540_100x130.png,862,2024/2025,2024-08-16,2025-05-25,2023-07-01,2029-06-30,,
39724,Daniel Bentley,1993-07-13,19,England,19,England,right,188.0,73.0,https://cdn5.wyscout.com/photos/players/public/g172644_100x130.png,1773,2023/2024,2023-08-11,2024-05-19,2023-01-25,2025-06-30,,
39724,Daniel Bentley,1993-07-13,19,England,19,England,right,188.0,73.0,https://cdn5.wyscout.com/photos/players/public/g172644_100x130.png,862,2024/2025,2024-08-16,2025-05-25,2024-09-17,2027-06-30,,
7104458,Omari Kellyman,2005-09-15,19,England,13,Northern Ireland,left,191.0,69.0,https://cdn5.wyscout.com/photos/players/public/g-282645_100x130.png,1773,2023/2024,2023-08-11,2024-05-19,,,,
37995,Jason Steele,1990-08-18,19,England,19,England,right,188.0,79.0,https://cdn5.wyscout.com/photos/players/public/30691_100x130.png,1773,2023/2024,2023-08-11,2024-05-19,2023-11-02,2026-06-30,,
37995,Jason Steele,1990-08-18,19,England,19,England,right,188.0,79.0,https://cdn5.wyscout.com/photos/players/public/30691_100x130.png,862,2024/2025,2024-08-16,2025-05-25,2023-11-02,2026-06-30,,
354531,Djordje Petrovic,1999-10-08,63,Serbia,63,Serbia,right,194.0,89.0,https://cdn5.wyscout.com/photos/players/public/g463402_100x130.png,1773,2023/2024,2023-08-11,2024-05-19,2023-08-26,2030-06-30,,
514093,Alex Matos,2004-10-03,19,England,19,England,right,175.0,68.0,https://cdn5.wyscout.com/photos/players/public/g-213250_100x130.png,1773,2023/2024,2023-08-11,2024-05-19,2023-07-01,2026-06-30,,
207224,Ivo Grbic,1996-01-18,168,Croatia,168,Croatia,right,195.0,83.0,https://cdn5.wyscout.com/photos/players/public/g273290_100x130.png,1773,2023/2024,2023-08-11,2024-05-19,2024-01-26,2027-06-30,,
513135,Kaelan Casey,2004-10-28,19,England,19,England,right,185.0,77.0,https://cdn5.wyscout.com/photos/players/public/ndplayer_100x130.png,1773,2023/2024,2023-08-11,2024-05-19,2023-08-15,2027-06-30,,
458786,Michael Ndiweni,2003-12-02,19,England,2,Zimbabwe,right,,0.0,https://cdn5.wyscout.com/photos/players/public/ndplayer_100x130.png,1773,2023/2024,2023-08-11,2024-05-19,,,,
44415,Bernd Leno,1992-03-04,207,Germany,207,Germany,right,190.0,82.0,https://cdn5.wyscout.com/photos/players/public/38434_100x130.png,862,2024/2025,2024-08-16,2025-05-25,2023-12-13,2027-06-30,,
44415,Bernd Leno,1992-03-04,207,Germany,207,Germany,right,190.0,82.0,https://cdn5.wyscout.com/photos/players/public/38434_100x130.png,1773,2023/2024,2023-08-11,2024-05-19,2023-12-13,2027-06-30,,
542981,Alfie Dorrington,2005-04-20,19,England,19,England,right,,0.0,https://cdn5.wyscout.com/photos/players/public/g-256069_100x130.png,862,2024/2025,2024-08-16,2025-05-25,2021-07-01,2029-06-30,,
44780,Stefan Ortega,1992-11-06,207,Germany,197,Spain,right,185.0,88.0,https://cdn5.wyscout.com/photos/players/public/76237_100x130.png,1773,2023/2024,2023-08-11,2024-05-19,2022-07-01,2025-06-30,,
44780,Stefan Ortega,1992-11-06,207,Germany,197,Spain,right,185.0,88.0,https://cdn5.wyscout.com/photos/players/public/76237_100x130.png,862,2024/2025,2024-08-16,2025-05-25,2024-06-08,2026-06-30,,
354801,Mads Hermansen,2000-07-11,204,Denmark,204,Denmark,right,187.0,81.0,https://cdn5.wyscout.com/photos/players/public/g463682_100x130.png,862,2024/2025,2024-08-16,2025-05-25,2023-07-18,2028-06-30,,
292997,Altay Bayındır,1998-04-14,42,Turkey,42,Turkey,right,198.0,89.0,https://cdn5.wyscout.com/photos/players/public/g396595_100x130.png,862,2024/2025,2024-08-16,2025-05-25,2023-09-01,2027-06-30,,
129239,Martin Dúbravka,1989-01-15,59,Slovakia,59,Slovakia,right,190.0,83.0,https://cdn5.wyscout.com/photos/players/public/31252_100x130.png,862,2024/2025,2024-08-16,2025-05-25,2025-02-20,2026-06-30,,
129239,Martin Dúbravka,1989-01-15,59,Slovakia,59,Slovakia,right,190.0,83.0,https://cdn5.wyscout.com/photos/players/public/31252_100x130.png,1773,2023/2024,2023-08-11,2024-05-19,2018-07-01,2025-06-30,,
7102955,Roman Dixon,2004-12-26,19,England,19,England,right,,0.0,https://cdn5.wyscout.com/photos/players/public/g-311010_100x130.png,862,2024/2025,2024-08-16,2025-05-25,2021-07-01,2027-06-30,,
309526,Mark Travers,1999-05-18,161,Ireland,161,Ireland,right,191.0,82.0,https://cdn5.wyscout.com/photos/players/public/g421838_100x130.png,1773,2023/2024,2023-08-11,2024-05-19,2020-07-01,2027-06-30,,
309526,Mark Travers,1999-05-18,161,Ireland,161,Ireland,right,191.0,82.0,https://cdn5.wyscout.com/photos/players/public/g421838_100x130.png,862,2024/2025,2024-08-16,2025-05-25,2020-07-01,2027-06-30,,
508912,Alfie Pond,2004-03-01,19,England,19,England,right,191.0,86.0,https://cdn5.wyscout.com/photos/players/public/g-205914_100x130.png,862,2024/2025,2024-08-16,2025-05-25,2022-09-01,2027-06-30,,
733362,Jeremy Monga,2009-07-10,19,England,19,England,right,,0.0,https://cdn5.wyscout.com/photos/players/public/g-562995_100x130.png,862,2024/2025,2024-08-16,2025-05-25,,,,
480741,Michael Olakigbe,2004-04-25,19,England,104,Nigeria,right,180.0,73.0,https://cdn5.wyscout.com/photos/players/public/g-166355_100x130.png,1773,2023/2024,2023-08-11,2024-05-19,2023-06-30,2024-06-30,,
513136,Lewis Orford,2006-02-18,19,England,19,England,right,,0.0,https://cdn5.wyscout.com/photos/players/public/g-211695_100x130.png,862,2024/2025,2024-08-16,2025-05-25,2021-07-01,2029-06-30,,
300153,Ionuț Radu,1997-05-28,79,Romania,79,Romania,right,188.0,80.0,https://cdn5.wyscout.com/photos/players/public/g408805_100x130.png,1773,2023/2024,2023-08-11,2024-05-19,2023-07-27,2024-06-30,,
38828,Christian Walton,1995-11-09,19,England,19,England,left,192.0,75.0,https://cdn5.wyscout.com/photos/players/public/g217741_100x130.png,862,2024/2025,2024-08-16,2025-05-25,2024-09-09,2026-06-30,,
37822,Paul Dummett,1991-09-26,19,England,8,Wales,left,183.0,82.0,https://cdn5.wyscout.com/photos/players/public/58753_100x130.png,1773,2023/2024,2023-08-11,2024-05-19,2023-07-09,2024-06-30,,
169594,Thomas Strakosha,1995-03-19,177,Greece,260,Albania,right,186.0,78.0,https://cdn5.wyscout.com/photos/players/public/g235328_100x130.png,1773,2023/2024,2023-08-11,2024-05-19,2022-07-14,2026-06-30,,
298355,Matt Turner,1994-06-24,34,United States,135,Lithuania,right,191.0,84.0,https://cdn5.wyscout.com/photos/players/public/g406038_100x130.png,1773,2023/2024,2023-08-11,2024-05-19,2023-08-09,2027-06-30,,
442348,Benicio Baker-Boaitey,2004-01-09,19,England,184,Ghana,left,,0.0,https://cdn5.wyscout.com/photos/players/public/ndplayer_100x130.png,1773,2023/2024,2023-08-11,2024-05-19,,,,
628687,Chido Obi,2007-11-29,204,Denmark,104,Nigeria,right,188.0,68.0,https://cdn5.wyscout.com/photos/players/public/g-378409_100x130.png,862,2024/2025,2024-08-16,2025-05-25,2024-10-05,2029-06-30,,
7091820,Jayden Danns,2006-01-16,19,England,171,Guyana,right,,0.0,https://cdn5.wyscout.com/photos/players/public/g-289343_100x130.png,1773,2023/2024,2023-08-11,2024-05-19,,,,
7091820,Jayden Danns,2006-01-16,19,England,171,Guyana,right,,0.0,https://cdn5.wyscout.com/photos/players/public/g-289343_100x130.png,862,2024/2025,2024-08-16,2025-05-25,,,,
39009,Wes Foderingham,1991-01-14,19,England,19,England,left,185.0,75.0,https://cdn5.wyscout.com/photos/players/public/72747_100x130.png,1773,2023/2024,2023-08-11,2024-05-19,2023-06-07,2024-06-30,,
543532,Finley Munroe,2005-02-08,19,England,19,England,left,,0.0,https://cdn5.wyscout.com/photos/players/public/g-256860_100x130.png,1773,2023/2024,2023-08-11,2024-05-19,2021-07-01,2026-06-30,,
159198,Danny Ward,1993-06-22,8,Wales,8,Wales,right,191.0,88.0,https://cdn5.wyscout.com/photos/players/public/83622_100x130.png,862,2024/2025,2024-08-16,2025-05-25,2020-06-30,2025-06-30,,
186932,Alisson Ramsés Alisson,1992-10-02,234,Brazil,234,Brazil,right,191.0,91.0,https://cdn5.wyscout.com/photos/players/public/36893_100x130.png,1773,2023/2024,2023-08-11,2024-05-19,2021-06-30,2027-06-30,,
186932,Alisson Ramsés Alisson,1992-10-02,234,Brazil,234,Brazil,right,191.0,91.0,https://cdn5.wyscout.com/photos/players/public/36893_100x130.png,862,2024/2025,2024-08-16,2025-05-25,2021-06-30,2027-06-30,,
54455,Alphonse Areola,1993-02-27,191,France,91,Philippines,right,195.0,94.0,https://cdn5.wyscout.com/photos/players/public/52946_100x130.png,862,2024/2025,2024-08-16,2025-05-25,2022-07-01,2027-06-30,,
54455,Alphonse Areola,1993-02-27,191,France,91,Philippines,right,195.0,94.0,https://cdn5.wyscout.com/photos/players/public/52946_100x130.png,1773,2023/2024,2023-08-11,2024-05-19,2022-07-01,2027-06-30,,
459144,George Earthy,2004-09-05,19,England,19,England,right,180.0,70.0,https://cdn5.wyscout.com/photos/players/public/ndplayer_100x130.png,1773,2023/2024,2023-08-11,2024-05-19,2023-07-01,2026-06-30,,
39893,Jordan Pickford,1994-03-07,19,England,19,England,left,185.0,77.0,https://cdn5.wyscout.com/photos/players/public/68003_100x130.png,1773,2023/2024,2023-08-11,2024-05-19,2018-09-26,2027-06-30,,
39893,Jordan Pickford,1994-03-07,19,England,19,England,left,185.0,77.0,https://cdn5.wyscout.com/photos/players/public/68003_100x130.png,862,2024/2025,2024-08-16,2025-05-25,2018-09-26,2027-06-30,,
37695,Emiliano Martínez,1992-09-02,257,Argentina,197,Spain,right,195.0,88.0,https://cdn5.wyscout.com/photos/players/public/36902_100x130.png,862,2024/2025,2024-08-16,2025-05-25,2024-08-21,2029-06-30,,
37695,Emiliano Martínez,1992-09-02,257,Argentina,197,Spain,right,195.0,88.0,https://cdn5.wyscout.com/photos/players/public/36902_100x130.png,1773,2023/2024,2023-08-11,2024-05-19,2021-06-30,2027-06-30,,
413092,Odeluga Offiah,2002-10-26,19,England,104,Nigeria,right,187.0,81.0,https://cdn5.wyscout.com/photos/players/public/g-74725_100x130.png,1773,2023/2024,2023-08-11,2024-05-19,2017-09-13,2025-06-30,,
88511,Fraser Forster,1988-03-17,19,England,19,England,right,201.0,93.0,https://cdn5.wyscout.com/photos/players/public/30751_100x130.png,862,2024/2025,2024-08-16,2025-05-25,2023-12-06,2025-06-30,,
256309,Joe Lumley,1995-02-15,19,England,19,England,right,190.0,73.0,https://cdn5.wyscout.com/photos/players/public/g332853_100x130.png,862,2024/2025,2024-08-16,2025-05-25,2024-03-14,2025-06-30,,
7091401,Alex Murphy,2004-06-25,161,Ireland,161,Ireland,left,188.0,0.0,https://cdn5.wyscout.com/photos/players/public/g-263386_100x130.png,1773,2023/2024,2023-08-11,2024-05-19,2022-07-09,2025-06-30,,
66694,Thomas Kaminski,1992-10-23,247,Belgium,88,Poland,both,190.0,78.0,https://cdn5.wyscout.com/photos/players/public/33728_100x130.png,1773,2023/2024,2023-08-11,2024-05-19,2023-08-03,2026-06-30,,
7103888,Sam Curtis,2005-12-01,161,Ireland,161,Ireland,right,185.0,74.0,https://cdn5.wyscout.com/photos/players/public/ndplayer_100x130.png,1773,2023/2024,2023-08-11,2024-05-19,,,,
442352,Lewis Warrington,2002-10-10,19,England,19,England,right,182.0,75.0,https://cdn5.wyscout.com/photos/players/public/g-114258_100x130.png,1773,2023/2024,2023-08-11,2024-05-19,,,,
563106,Mason Burstow,2003-08-04,19,England,155,Jamaica,right,187.0,79.0,https://cdn5.wyscout.com/photos/players/public/ndplayer_100x130.png,1773,2023/2024,2023-08-11,2024-05-19,,,,
44618715,Shumaira Mheuka,2007-10-20,,,,,right,,,,862,2024/2025,2024-08-16,2025-05-25,,,,
254219,David Raya,1995-09-15,197,Spain,197,Spain,right,183.0,80.0,https://cdn5.wyscout.com/photos/players/public/g330279_100x130.png,1773,2023/2024,2023-08-11,2024-05-19,2023-08-15,2024-06-30,,
254219,David Raya,1995-09-15,197,Spain,197,Spain,right,183.0,80.0,https://cdn5.wyscout.com/photos/players/public/g330279_100x130.png,862,2024/2025,2024-08-16,2025-05-25,2024-07-04,2028-06-30,,
730490,Mateus Mané,2007-09-16,19,England,19,England,right,,0.0,https://cdn5.wyscout.com/photos/players/public/ndplayer_100x130.png,862,2024/2025,2024-08-16,2025-05-25,,,,
44808,Loris Karius,1993-06-22,207,Germany,207,Germany,right,189.0,87.0,https://cdn5.wyscout.com/photos/players/public/54390_100x130.png,1773,2023/2024,2023-08-11,2024-05-19,2023-07-09,2024-06-30,,
394399,Owen Beck,2002-08-09,8,Wales,8,Wales,left,177.0,68.0,https://cdn5.wyscout.com/photos/players/public/g506412_100x130.png,1773,2023/2024,2023-08-11,2024-05-19,2019-07-01,2026-06-30,,
615881,Zack Nelson,2005-04-21,19,England,19,England,right,,0.0,https://cdn5.wyscout.com/photos/players/public/ndplayer_100x130.png,1773,2023/2024,2023-08-11,2024-05-19,,,,
7090274,Tawanda Chirewa,2003-10-11,19,England,2,Zimbabwe,right,181.0,72.0,https://cdn5.wyscout.com/photos/players/public/ndplayer_100x130.png,1773,2023/2024,2023-08-11,2024-05-19,2023-09-18,2027-06-30,,
403768,Antonín Kinský,2003-03-13,208,Czech Republic,208,Czech Republic,right,190.0,80.0,https://cdn5.wyscout.com/photos/players/public/g-63948_100x130.png,862,2024/2025,2024-08-16,2025-05-25,2025-01-05,2031-06-30,,
7100538,Asher Agbinone,2005-09-28,19,England,19,England,right,,0.0,https://cdn5.wyscout.com/photos/players/public/g-341411_100x130.png,862,2024/2025,2024-08-16,2025-05-25,2022-07-01,2025-06-30,,
300459,Alex Palmer,1996-08-10,19,England,19,England,right,191.0,85.0,https://cdn5.wyscout.com/photos/players/public/g405690_100x130.png,862,2024/2025,2024-08-16,2025-05-25,2025-02-03,2028-06-30,,
333448,Aaron Ramsdale,1998-05-14,19,England,19,England,right,191.0,77.0,https://cdn5.wyscout.com/photos/players/public/g443616_100x130.png,862,2024/2025,2024-08-16,2025-05-25,2023-05-18,2028-06-30,,
333448,Aaron Ramsdale,1998-05-14,19,England,19,England,right,191.0,77.0,https://cdn5.wyscout.com/photos/players/public/g443616_100x130.png,1773,2023/2024,2023-08-11,2024-05-19,2023-05-18,2028-06-30,,
197708,José Sá,1993-01-17,85,Portugal,85,Portugal,right,192.0,84.0,https://cdn5.wyscout.com/photos/players/public/g257644_100x130.png,1773,2023/2024,2023-08-11,2024-05-19,2023-09-29,2027-06-30,,
197708,José Sá,1993-01-17,85,Portugal,85,Portugal,right,192.0,84.0,https://cdn5.wyscout.com/photos/players/public/g257644_100x130.png,862,2024/2025,2024-08-16,2025-05-25,2023-09-29,2027-06-30,,
38388,Pelly-Ruddock Mpanzu,1994-03-22,19,England,220,Congo DR,right,175.0,74.0,https://cdn5.wyscout.com/photos/players/public/g201783_100x130.png,1773,2023/2024,2023-08-11,2024-05-19,2023-07-10,2025-06-30,,
530622,Zain Silcott-Duberry,2005-07-09,19,England,114,Montserrat,right,177.0,75.0,https://cdn5.wyscout.com/photos/players/public/g-237516_100x130.png,862,2024/2025,2024-08-16,2025-05-25,,,,
39914,Sam Johnstone,1993-03-25,19,England,19,England,right,193.0,85.0,https://cdn5.wyscout.com/photos/players/public/38563_100x130.png,1773,2023/2024,2023-08-11,2024-05-19,2023-11-01,2027-06-30,,
39914,Sam Johnstone,1993-03-25,19,England,19,England,right,193.0,85.0,https://cdn5.wyscout.com/photos/players/public/38563_100x130.png,862,2024/2025,2024-08-16,2025-05-25,2024-08-30,2028-06-30,,
560311,Ben Parkinson,2005-03-10,19,England,19,England,right,,0.0,https://cdn5.wyscout.com/photos/players/public/ndplayer_100x130.png,1773,2023/2024,2023-08-11,2024-05-19,,,,
37694,Lukasz Fabianski,1985-04-18,88,Poland,88,Poland,right,190.0,83.0,https://cdn5.wyscout.com/photos/players/public/4736_100x130.png,1773,2023/2024,2023-08-11,2024-05-19,2023-12-15,2025-06-30,,
37694,Lukasz Fabianski,1985-04-18,88,Poland,88,Poland,right,190.0,83.0,https://cdn5.wyscout.com/photos/players/public/4736_100x130.png,862,2024/2025,2024-08-16,2025-05-25,2023-12-15,2025-06-30,,
342419,Arijanet Murić,1998-11-07,225,Switzerland,16,Kosovo,right,197.0,81.0,https://cdn5.wyscout.com/photos/players/public/g453110_100x130.png,862,2024/2025,2024-08-16,2025-05-25,2024-07-17,2028-06-30,,
342419,Arijanet Murić,1998-11-07,225,Switzerland,16,Kosovo,right,197.0,81.0,https://cdn5.wyscout.com/photos/players/public/g453110_100x130.png,1773,2023/2024,2023-08-11,2024-05-19,2022-07-22,2026-06-30,,
618561,Jay Robinson,2007-03-15,19,England,19,England,right,,0.0,https://cdn5.wyscout.com/photos/players/public/g-363813_100x130.png,862,2024/2025,2024-08-16,2025-05-25,2025-04-17,2029-06-30,,
274841,André Onana,1996-04-02,221,Cameroon,221,Cameroon,right,190.0,93.0,https://cdn5.wyscout.com/photos/players/public/g372465_100x130.png,862,2024/2025,2024-08-16,2025-05-25,2023-07-20,2028-06-30,,
274841,André Onana,1996-04-02,221,Cameroon,221,Cameroon,right,190.0,93.0,https://cdn5.wyscout.com/photos/players/public/g372465_100x130.png,1773,2023/2024,2023-08-11,2024-05-19,2023-07-20,2028-06-30,,
7092691,Mikey Moore,2007-08-11,19,England,19,England,right,180.0,68.0,https://cdn5.wyscout.com/photos/players/public/g-337676_100x130.png,1773,2023/2024,2023-08-11,2024-05-19,2023-07-01,2026-06-30,,
46385,Odysseas Vlachodimos,1994-04-26,207,Germany,177,Greece,right,191.0,77.0,https://cdn5.wyscout.com/photos/players/public/68829_100x130.png,1773,2023/2024,2023-08-11,2024-05-19,2023-09-01,2027-06-30,,
243028,Dean Henderson,1997-03-12,19,England,19,England,right,188.0,85.0,https://cdn5.wyscout.com/photos/players/public/g317323_100x130.png,862,2024/2025,2024-08-16,2025-05-25,2023-08-31,2028-06-30,,
243028,Dean Henderson,1997-03-12,19,England,19,England,right,188.0,85.0,https://cdn5.wyscout.com/photos/players/public/g317323_100x130.png,1773,2023/2024,2023-08-11,2024-05-19,2023-08-31,2028-06-30,,
471383,Kaide Gordon,2004-10-05,19,England,19,England,left,173.0,58.0,https://cdn5.wyscout.com/photos/players/public/ndplayer_100x130.png,1773,2023/2024,2023-08-11,2024-05-19,2021-02-06,2025-06-30,,